TestId,Date,Time,Name,Teams,Groups,Segment,Type,Excluded,Jump Height,Peak Relative Propulsive Power,mRSI,Avg. Relative Propulsive Force,Avg. Propulsive Velocity,Avg. Relative Braking Force,Avg. Braking Velocity
MOCK600001,07/03/2026,16:53:56,Xavier Sterling,LEAD Sample Roster,Sample Group,Countermovement Jump:1,Countermovement Jump,,11.687,37.5961,0.3229,210.6462,1.7722,214.5399,-1.0324
MOCK600002,09/03/2026,16:46:35,Xavier Sterling,LEAD Sample Roster,Sample Group,Countermovement Jump:1,Countermovement Jump,,11.503,38.2012,0.3112,210.6065,1.7681,218.4241,-1.0271
MOCK600003,24/03/2026,17:09:08,Xavier Sterling,LEAD Sample Roster,Sample Group,Countermovement Jump:1,Countermovement Jump,,11.965,39.2485,0.3284,210.5413,1.7369,221.8876,-1.0176
MOCK600004,19/04/2026,18:48:19,Xavier Sterling,LEAD Sample Roster,Sample Group,Countermovement Jump:1,Countermovement Jump,,11.739,38.9954,0.3269,210.6028,1.7386,223.6189,-1.0582
MOCK600005,21/04/2026,15:23:56,Xavier Sterling,LEAD Sample Roster,Sample Group,Countermovement Jump:1,Countermovement Jump,,11.754,38.7689,0.3286,214.8667,1.7957,218.2035,-1.0505
MOCK600006,13/05/2026,15:41:22,Xavier Sterling,LEAD Sample Roster,Sample Group,Countermovement Jump:1,Countermovement Jump,,11.817,39.45,0.3188,210.4621,1.7450,225.4470,-1.0548
MOCK600007,18/05/2026,17:16:01,Xavier Sterling,LEAD Sample Roster,Sample Group,Countermovement Jump:1,Countermovement Jump,,11.579,38.9693,0.3261,218.5107,1.7721,230.1429,-1.0006
MOCK600008,19/06/2026,17:35:57,Xavier Sterling,LEAD Sample Roster,Sample Group,Countermovement Jump:1,Countermovement Jump,,11.784,38.2314,0.3354,212.3661,1.7815,223.9662,-1.0637
MOCK600009,02/07/2026,15:40:56,Xavier Sterling,LEAD Sample Roster,Sample Group,Countermovement Jump:1,Countermovement Jump,,12.059,39.0886,0.3345,213.3399,1.8089,230.8326,-1.0386
MOCK600010,05/07/2026,18:44:01,Xavier Sterling,LEAD Sample Roster,Sample Group,Countermovement Jump:1,Countermovement Jump,,11.875,38.6263,0.3392,214.2735,1.7876,226.9926,-1.0430
MOCK600011,14/07/2026,18:00:55,Xavier Sterling,LEAD Sample Roster,Sample Group,Countermovement Jump:1,Countermovement Jump,,11.734,39.381,0.3275,213.1808,1.8039,225.0691,-1.0493
MOCK600012,18/07/2026,15:20:34,Xavier Sterling,LEAD Sample Roster,Sample Group,Countermovement Jump:1,Countermovement Jump,,11.858,39.1025,0.3377,218.4778,1.8147,229.2731,-1.0420
MOCK600013,23/07/2026,18:24:57,Xavier Sterling,LEAD Sample Roster,Sample Group,Countermovement Jump:1,Countermovement Jump,,12.061,40.1684,0.3254,211.0905,1.8041,229.8161,-1.0747
MOCK600014,01/08/2026,15:07:43,Xavier Sterling,LEAD Sample Roster,Sample Group,Countermovement Jump:1,Countermovement Jump,,12.016,40.2787,0.3169,220.2528,1.7942,229.9746,-1.0634
MOCK600015,02/08/2026,17:56:21,Xavier Sterling,LEAD Sample Roster,Sample Group,Countermovement Jump:1,Countermovement Jump,,12.124,39.913,0.3444,218.5048,1.8204,236.6666,-1.0720
MOCK600016,09/08/2026,16:29:13,Xavier Sterling,LEAD Sample Roster,Sample Group,Countermovement Jump:1,Countermovement Jump,,12.182,40.7944,0.3473,219.9120,1.8064,229.4175,-1.0582
MOCK600017,20/08/2026,17:00:37,Xavier Sterling,LEAD Sample Roster,Sample Group,Countermovement Jump:1,Countermovement Jump,,12.187,40.7697,0.3536,217.7972,1.8186,236.6813,-1.0587
MOCK600018,29/08/2026,18:50:13,Xavier Sterling,LEAD Sample Roster,Sample Group,Countermovement Jump:1,Countermovement Jump,,12.392,40.5094,0.3562,217.5181,1.8273,243.0783,-1.0565
MOCK600019,05/09/2026,18:25:03,Xavier Sterling,LEAD Sample Roster,Sample Group,Countermovement Jump:1,Countermovement Jump,,12.227,40.2699,0.3388,217.8270,1.8166,233.0113,-1.0654
MOCK600020,10/09/2026,15:53:23,Xavier Sterling,LEAD Sample Roster,Sample Group,Countermovement Jump:1,Countermovement Jump,,12.045,39.8296,0.3493,222.7545,1.8037,227.9455,-1.0809
MOCK600021,05/03/2026,17:24:01,Xavier Corrigan,LEAD Sample Roster,Sample Group,Countermovement Jump:1,Countermovement Jump,,12.553,42.3632,0.3456,210.5960,1.4898,219.3114,-0.8340
MOCK600022,22/03/2026,18:50:07,Xavier Corrigan,LEAD Sample Roster,Sample Group,Countermovement Jump:1,Countermovement Jump,,12.345,42.0867,0.3582,211.3259,1.4670,216.2707,-0.8365
MOCK600023,24/03/2026,18:20:21,Xavier Corrigan,LEAD Sample Roster,Sample Group,Countermovement Jump:1,Countermovement Jump,,12.421,42.6833,0.3472,208.1883,1.4929,220.6450,-0.8466
MOCK600024,02/04/2026,15:01:07,Xavier Corrigan,LEAD Sample Roster,Sample Group,Countermovement Jump:1,Countermovement Jump,,12.703,42.4129,0.3581,209.8752,1.4911,223.1374,-0.8250
MOCK600025,16/04/2026,16:31:33,Xavier Corrigan,LEAD Sample Roster,Sample Group,Countermovement Jump:1,Countermovement Jump,,12.761,42.6369,0.3513,219.4689,1.4781,219.3368,-0.8593
MOCK600026,27/04/2026,17:06:26,Xavier Corrigan,LEAD Sample Roster,Sample Group,Countermovement Jump:1,Countermovement Jump,,12.647,41.8028,0.3535,219.3421,1.5160,223.9794,-0.8287
MOCK600027,14/05/2026,17:20:02,Xavier Corrigan,LEAD Sample Roster,Sample Group,Countermovement Jump:1,Countermovement Jump,,12.891,42.9653,0.3579,210.3724,1.5169,230.1548,-0.8384
MOCK600028,15/05/2026,16:22:13,Xavier Corrigan,LEAD Sample Roster,Sample Group,Countermovement Jump:1,Countermovement Jump,,13.028,43.6321,0.3566,216.5949,1.5074,224.1644,-0.8561
MOCK600029,27/05/2026,16:37:53,Xavier Corrigan,LEAD Sample Roster,Sample Group,Countermovement Jump:1,Countermovement Jump,,12.821,42.2496,0.3558,221.8209,1.5269,222.1767,-0.8519
MOCK600030,05/06/2026,17:03:09,Xavier Corrigan,LEAD Sample Roster,Sample Group,Countermovement Jump:1,Countermovement Jump,,12.547,43.1012,0.3675,219.0206,1.5131,219.1696,-0.8364
MOCK600031,07/07/2026,17:51:05,Xavier Corrigan,LEAD Sample Roster,Sample Group,Countermovement Jump:1,Countermovement Jump,,12.81,43.5788,0.364,223.7412,1.5324,226.8488,-0.8639
MOCK600032,11/07/2026,15:15:24,Xavier Corrigan,LEAD Sample Roster,Sample Group,Countermovement Jump:1,Countermovement Jump,,12.781,43.819,0.3553,220.4717,1.4739,225.1454,-0.8389
MOCK600033,13/07/2026,15:57:07,Xavier Corrigan,LEAD Sample Roster,Sample Group,Countermovement Jump:1,Countermovement Jump,,12.713,44.1787,0.3751,222.4048,1.5359,223.1737,-0.8446
MOCK600034,15/07/2026,15:38:04,Xavier Corrigan,LEAD Sample Roster,Sample Group,Countermovement Jump:1,Countermovement Jump,,13.219,44.509,0.3685,224.7685,1.5195,228.6547,-0.8497
MOCK600035,29/07/2026,15:25:11,Xavier Corrigan,LEAD Sample Roster,Sample Group,Countermovement Jump:1,Countermovement Jump,,13.349,44.9929,0.3569,223.1385,1.5534,236.5333,-0.8516
MOCK600036,03/08/2026,17:15:13,Xavier Corrigan,LEAD Sample Roster,Sample Group,Countermovement Jump:1,Countermovement Jump,,13.251,44.5431,0.3801,222.1258,1.5323,226.5112,-0.8378
MOCK600037,11/08/2026,18:15:00,Xavier Corrigan,LEAD Sample Roster,Sample Group,Countermovement Jump:1,Countermovement Jump,,13.132,44.5818,0.3797,225.2092,1.4958,229.9752,-0.8706
MOCK600038,19/08/2026,16:59:06,Xavier Corrigan,LEAD Sample Roster,Sample Group,Countermovement Jump:1,Countermovement Jump,,13.062,44.5785,0.3592,225.8428,1.5182,232.1372,-0.8641
MOCK600039,25/08/2026,15:08:55,Xavier Corrigan,LEAD Sample Roster,Sample Group,Countermovement Jump:1,Countermovement Jump,,13.402,44.8452,0.3736,229.8377,1.5663,235.7373,-0.8673
MOCK600040,01/09/2026,18:36:38,Xavier Corrigan,LEAD Sample Roster,Sample Group,Countermovement Jump:1,Countermovement Jump,,13.403,44.7253,0.3694,223.2945,1.5709,237.5480,-0.8681
MOCK600041,14/03/2026,17:39:47,Cash Whitfield,LEAD Sample Roster,Sample Group,Countermovement Jump:1,Countermovement Jump,,14.135,49.0296,0.3924,181.3421,1.8078,178.5881,-1.0692
MOCK600042,22/03/2026,15:13:23,Cash Whitfield,LEAD Sample Roster,Sample Group,Countermovement Jump:1,Countermovement Jump,,14.062,47.7265,0.4137,185.5375,1.7867,180.3466,-1.0588
MOCK600043,27/03/2026,15:47:47,Cash Whitfield,LEAD Sample Roster,Sample Group,Countermovement Jump:1,Countermovement Jump,,13.681,48.7858,0.3918,181.1102,1.7967,178.5327,-1.0830
MOCK600044,03/04/2026,16:21:39,Cash Whitfield,LEAD Sample Roster,Sample Group,Countermovement Jump:1,Countermovement Jump,,13.836,47.8551,0.4117,183.6876,1.7961,179.5798,-1.0755
MOCK600045,08/04/2026,17:51:59,Cash Whitfield,LEAD Sample Roster,Sample Group,Countermovement Jump:1,Countermovement Jump,,14.072,47.9071,0.411,185.2577,1.8043,176.6231,-1.0660
MOCK600046,14/04/2026,15:51:24,Cash Whitfield,LEAD Sample Roster,Sample Group,Countermovement Jump:1,Countermovement Jump,,14.356,48.16,0.401,181.7181,1.8222,183.8495,-1.0940
MOCK600047,21/04/2026,15:45:44,Cash Whitfield,LEAD Sample Roster,Sample Group,Countermovement Jump:1,Countermovement Jump,,14.455,49.4993,0.4106,186.7322,1.8073,178.1028,-1.0732
MOCK600048,30/04/2026,15:22:09,Cash Whitfield,LEAD Sample Roster,Sample Group,Countermovement Jump:1,Countermovement Jump,,14.519,49.7025,0.426,180.9259,1.8134,186.2642,-1.1009
MOCK600049,15/05/2026,17:38:13,Cash Whitfield,LEAD Sample Roster,Sample Group,Countermovement Jump:1,Countermovement Jump,,14.531,47.9566,0.4087,185.2916,1.8378,183.0750,-1.0848
MOCK600050,16/05/2026,15:20:39,Cash Whitfield,LEAD Sample Roster,Sample Group,Countermovement Jump:1,Countermovement Jump,,14.752,49.6753,0.4134,187.0249,1.8460,184.3614,-1.0997
MOCK600051,26/06/2026,18:23:55,Cash Whitfield,LEAD Sample Roster,Sample Group,Countermovement Jump:1,Countermovement Jump,,14.454,49.8212,0.4245,188.7794,1.8086,182.8211,-1.0891
MOCK600052,07/07/2026,16:42:38,Cash Whitfield,LEAD Sample Roster,Sample Group,Countermovement Jump:1,Countermovement Jump,,14.524,50.7781,0.4169,187.8091,1.8362,187.2760,-1.0668
MOCK600053,08/07/2026,15:15:19,Cash Whitfield,LEAD Sample Roster,Sample Group,Countermovement Jump:1,Countermovement Jump,,14.615,50.3725,0.4138,191.3435,1.7997,187.2529,-1.1237
MOCK600054,12/07/2026,15:48:13,Cash Whitfield,LEAD Sample Roster,Sample Group,Countermovement Jump:1,Countermovement Jump,,14.518,50.3722,0.429,192.5500,1.8208,182.9342,-1.1063
MOCK600055,17/07/2026,16:10:29,Cash Whitfield,LEAD Sample Roster,Sample Group,Countermovement Jump:1,Countermovement Jump,,14.678,50.3669,0.4236,192.7814,1.8199,190.1901,-1.0932
MOCK600056,26/07/2026,17:08:16,Cash Whitfield,LEAD Sample Roster,Sample Group,Countermovement Jump:1,Countermovement Jump,,14.66,50.2711,0.4167,193.0292,1.8744,185.0934,-1.0913
MOCK600057,31/07/2026,16:49:25,Cash Whitfield,LEAD Sample Roster,Sample Group,Countermovement Jump:1,Countermovement Jump,,14.696,50.5949,0.4327,194.8310,1.8770,185.4029,-1.0949
MOCK600058,07/08/2026,15:43:35,Cash Whitfield,LEAD Sample Roster,Sample Group,Countermovement Jump:1,Countermovement Jump,,15.003,51.9829,0.4204,193.0498,1.8767,189.0413,-1.1199
MOCK600059,16/08/2026,16:42:10,Cash Whitfield,LEAD Sample Roster,Sample Group,Countermovement Jump:1,Countermovement Jump,,14.688,50.924,0.4254,194.6920,1.8728,191.7319,-1.1032
MOCK600060,06/09/2026,15:37:33,Cash Whitfield,LEAD Sample Roster,Sample Group,Countermovement Jump:1,Countermovement Jump,,14.851,51.3917,0.4287,192.2771,1.8317,190.3397,-1.0994
MOCK600061,17/03/2026,18:55:22,Ethan Tolliver,LEAD Sample Roster,Sample Group,Countermovement Jump:1,Countermovement Jump,,15.7,51.054,0.4378,178.3958,1.4818,170.1330,-0.8713
MOCK600062,20/04/2026,18:56:30,Ethan Tolliver,LEAD Sample Roster,Sample Group,Countermovement Jump:1,Countermovement Jump,,15.739,52.242,0.4354,180.2783,1.5158,171.4628,-0.8576
MOCK600063,23/04/2026,15:26:18,Ethan Tolliver,LEAD Sample Roster,Sample Group,Countermovement Jump:1,Countermovement Jump,,15.538,52.9727,0.4459,177.4120,1.5243,172.5477,-0.8454
MOCK600064,18/05/2026,15:02:30,Ethan Tolliver,LEAD Sample Roster,Sample Group,Countermovement Jump:1,Countermovement Jump,,15.861,52.6406,0.4502,182.9484,1.5081,173.9880,-0.8585
MOCK600065,20/05/2026,16:17:26,Ethan Tolliver,LEAD Sample Roster,Sample Group,Countermovement Jump:1,Countermovement Jump,,15.686,52.5295,0.4526,181.4479,1.4887,175.4706,-0.8558
MOCK600066,23/05/2026,17:02:57,Ethan Tolliver,LEAD Sample Roster,Sample Group,Countermovement Jump:1,Countermovement Jump,,15.868,52.7571,0.4406,183.7386,1.4894,171.7926,-0.8496
MOCK600067,31/05/2026,15:02:45,Ethan Tolliver,LEAD Sample Roster,Sample Group,Countermovement Jump:1,Countermovement Jump,,16.068,53.1414,0.4499,185.4966,1.5099,175.0222,-0.8746
MOCK600068,17/06/2026,16:10:28,Ethan Tolliver,LEAD Sample Roster,Sample Group,Countermovement Jump:1,Countermovement Jump,,15.903,53.3132,0.4421,188.8936,1.5155,172.9441,-0.8462
MOCK600069,21/06/2026,17:10:55,Ethan Tolliver,LEAD Sample Roster,Sample Group,Countermovement Jump:1,Countermovement Jump,,15.924,53.1987,0.459,182.8915,1.4860,170.6519,-0.8832
MOCK600070,26/06/2026,15:24:58,Ethan Tolliver,LEAD Sample Roster,Sample Group,Countermovement Jump:1,Countermovement Jump,,15.987,54.1854,0.455,183.3512,1.5504,175.5874,-0.8698
MOCK600071,12/07/2026,15:57:21,Ethan Tolliver,LEAD Sample Roster,Sample Group,Countermovement Jump:1,Countermovement Jump,,15.829,53.4022,0.4548,185.5835,1.5160,181.2864,-0.8659
MOCK600072,31/07/2026,16:57:58,Ethan Tolliver,LEAD Sample Roster,Sample Group,Countermovement Jump:1,Countermovement Jump,,15.834,53.9779,0.4505,189.5658,1.5554,174.8602,-0.8932
MOCK600073,06/08/2026,18:42:57,Ethan Tolliver,LEAD Sample Roster,Sample Group,Countermovement Jump:1,Countermovement Jump,,16.095,54.2361,0.463,185.4288,1.5324,173.8850,-0.8683
MOCK600074,09/08/2026,18:26:34,Ethan Tolliver,LEAD Sample Roster,Sample Group,Countermovement Jump:1,Countermovement Jump,,16.129,54.006,0.4685,190.4038,1.5568,179.4390,-0.8801
MOCK600075,14/08/2026,16:36:44,Ethan Tolliver,LEAD Sample Roster,Sample Group,Countermovement Jump:1,Countermovement Jump,,16.258,53.7555,0.4602,186.6380,1.5646,178.6299,-0.8761
MOCK600076,17/08/2026,17:53:14,Ethan Tolliver,LEAD Sample Roster,Sample Group,Countermovement Jump:1,Countermovement Jump,,15.79,54.8671,0.4626,187.3535,1.5385,178.0794,-0.8853
MOCK600077,19/08/2026,17:01:45,Ethan Tolliver,LEAD Sample Roster,Sample Group,Countermovement Jump:1,Countermovement Jump,,16.24,54.9035,0.475,188.4270,1.5562,182.5284,-0.8914
MOCK600078,03/09/2026,18:16:58,Ethan Tolliver,LEAD Sample Roster,Sample Group,Countermovement Jump:1,Countermovement Jump,,16.221,54.5679,0.4669,187.6266,1.5162,179.6128,-0.8741
MOCK600079,05/09/2026,18:20:36,Ethan Tolliver,LEAD Sample Roster,Sample Group,Countermovement Jump:1,Countermovement Jump,,16.442,55.2891,0.4696,191.0073,1.5671,183.4551,-0.8870
MOCK600080,07/09/2026,17:46:20,Ethan Tolliver,LEAD Sample Roster,Sample Group,Countermovement Jump:1,Countermovement Jump,,16.39,54.6624,0.4711,189.8689,1.5617,179.2701,-0.9111
MOCK600081,07/03/2026,18:37:52,Owen Harrington,LEAD Sample Roster,Sample Group,Countermovement Jump:1,Countermovement Jump,,16.946,57.5285,0.4778,205.8761,1.7272,213.0820,-0.8630
MOCK600082,11/03/2026,18:43:49,Owen Harrington,LEAD Sample Roster,Sample Group,Countermovement Jump:1,Countermovement Jump,,17.269,57.8518,0.4838,213.5357,1.7472,217.8404,-0.8846
MOCK600083,15/03/2026,16:03:58,Owen Harrington,LEAD Sample Roster,Sample Group,Countermovement Jump:1,Countermovement Jump,,17.274,58.0569,0.4906,211.3572,1.7387,218.7417,-0.8705
MOCK600084,09/04/2026,17:32:52,Owen Harrington,LEAD Sample Roster,Sample Group,Countermovement Jump:1,Countermovement Jump,,17.274,58.005,0.4768,214.8411,1.7577,224.6280,-0.8707
MOCK600085,01/05/2026,17:20:32,Owen Harrington,LEAD Sample Roster,Sample Group,Countermovement Jump:1,Countermovement Jump,,17.188,58.2706,0.4885,216.4883,1.7279,223.2485,-0.8697
MOCK600086,07/05/2026,16:43:29,Owen Harrington,LEAD Sample Roster,Sample Group,Countermovement Jump:1,Countermovement Jump,,17.436,58.7436,0.4848,219.6286,1.7609,221.8904,-0.8972
MOCK600087,05/06/2026,15:12:44,Owen Harrington,LEAD Sample Roster,Sample Group,Countermovement Jump:1,Countermovement Jump,,17.4,59.3371,0.4878,213.1588,1.7843,218.9369,-0.8910
MOCK600088,06/06/2026,15:43:21,Owen Harrington,LEAD Sample Roster,Sample Group,Countermovement Jump:1,Countermovement Jump,,17.623,59.7851,0.4829,212.0335,1.7690,223.7265,-0.8678
MOCK600089,21/06/2026,17:20:24,Owen Harrington,LEAD Sample Roster,Sample Group,Countermovement Jump:1,Countermovement Jump,,17.574,59.769,0.505,216.9081,1.8080,227.4328,-0.9017
MOCK600090,03/07/2026,16:43:41,Owen Harrington,LEAD Sample Roster,Sample Group,Countermovement Jump:1,Countermovement Jump,,17.597,59.0326,0.4973,220.7583,1.7720,226.7960,-0.8709
MOCK600091,07/07/2026,17:14:18,Owen Harrington,LEAD Sample Roster,Sample Group,Countermovement Jump:1,Countermovement Jump,,17.418,60.9083,0.4809,217.9800,1.7584,227.6733,-0.8922
MOCK600092,16/07/2026,18:26:29,Owen Harrington,LEAD Sample Roster,Sample Group,Countermovement Jump:1,Countermovement Jump,,17.632,60.1097,0.4839,217.4706,1.7800,224.7745,-0.8498
MOCK600093,17/07/2026,15:43:44,Owen Harrington,LEAD Sample Roster,Sample Group,Countermovement Jump:1,Countermovement Jump,,17.552,59.8424,0.4891,220.1662,1.7972,228.9301,-0.8793
MOCK600094,30/07/2026,17:46:01,Owen Harrington,LEAD Sample Roster,Sample Group,Countermovement Jump:1,Countermovement Jump,,17.839,61.0317,0.4917,213.1623,1.7756,220.6526,-0.9115
MOCK600095,02/08/2026,17:01:56,Owen Harrington,LEAD Sample Roster,Sample Group,Countermovement Jump:1,Countermovement Jump,,17.663,59.8999,0.5006,215.9855,1.7999,230.0093,-0.9053
MOCK600096,05/08/2026,16:50:36,Owen Harrington,LEAD Sample Roster,Sample Group,Countermovement Jump:1,Countermovement Jump,,17.924,61.4961,0.5018,224.1513,1.8251,227.1768,-0.9038
MOCK600097,10/08/2026,18:03:48,Owen Harrington,LEAD Sample Roster,Sample Group,Countermovement Jump:1,Countermovement Jump,,18.121,60.5229,0.484,224.6020,1.8184,229.7204,-0.8922
MOCK600098,11/08/2026,17:30:39,Owen Harrington,LEAD Sample Roster,Sample Group,Countermovement Jump:1,Countermovement Jump,,17.805,60.8714,0.5036,220.9853,1.8409,224.1996,-0.9230
MOCK600099,21/08/2026,16:48:45,Owen Harrington,LEAD Sample Roster,Sample Group,Countermovement Jump:1,Countermovement Jump,,18.11,61.1807,0.4984,224.2394,1.8521,235.4223,-0.9031
MOCK600100,04/09/2026,17:54:28,Owen Harrington,LEAD Sample Roster,Sample Group,Countermovement Jump:1,Countermovement Jump,,18.1,61.8506,0.4994,220.4945,1.8252,234.2866,-0.8825
MOCK600101,02/03/2026,18:14:17,Colton Holloway,LEAD Sample Roster,Sample Group,Countermovement Jump:1,Countermovement Jump,,18.148,60.0728,0.5163,223.1493,1.4976,180.7996,-1.0887
MOCK600102,07/03/2026,17:41:57,Colton Holloway,LEAD Sample Roster,Sample Group,Countermovement Jump:1,Countermovement Jump,,18.008,61.661,0.5227,216.5940,1.5293,182.7579,-1.1005
MOCK600103,14/03/2026,18:42:30,Colton Holloway,LEAD Sample Roster,Sample Group,Countermovement Jump:1,Countermovement Jump,,17.879,61.9205,0.533,210.6022,1.5087,180.3527,-1.0791
MOCK600104,16/03/2026,17:54:22,Colton Holloway,LEAD Sample Roster,Sample Group,Countermovement Jump:1,Countermovement Jump,,18.461,62.0104,0.5385,214.9034,1.5279,181.3925,-1.0894
MOCK600105,10/04/2026,17:16:57,Colton Holloway,LEAD Sample Roster,Sample Group,Countermovement Jump:1,Countermovement Jump,,18.614,63.4543,0.5304,216.3349,1.5128,184.7866,-1.0830
MOCK600106,16/05/2026,17:44:48,Colton Holloway,LEAD Sample Roster,Sample Group,Countermovement Jump:1,Countermovement Jump,,18.882,63.7878,0.5258,221.0622,1.5012,179.4850,-1.0991
MOCK600107,18/05/2026,15:53:26,Colton Holloway,LEAD Sample Roster,Sample Group,Countermovement Jump:1,Countermovement Jump,,18.875,64.4691,0.539,217.3643,1.5119,184.0412,-1.0856
MOCK600108,26/05/2026,17:14:10,Colton Holloway,LEAD Sample Roster,Sample Group,Countermovement Jump:1,Countermovement Jump,,19.27,64.4554,0.5667,214.6287,1.5247,182.2383,-1.0783
MOCK600109,03/06/2026,15:46:31,Colton Holloway,LEAD Sample Roster,Sample Group,Countermovement Jump:1,Countermovement Jump,,18.976,64.7922,0.5532,219.3193,1.5282,184.2870,-1.0883
MOCK600110,10/06/2026,15:50:55,Colton Holloway,LEAD Sample Roster,Sample Group,Countermovement Jump:1,Countermovement Jump,,19.001,65.6556,0.5511,218.6910,1.5359,184.7153,-1.0868
MOCK600111,16/06/2026,15:13:42,Colton Holloway,LEAD Sample Roster,Sample Group,Countermovement Jump:1,Countermovement Jump,,19.358,65.3307,0.5553,220.2688,1.5582,182.3007,-1.1236
MOCK600112,21/06/2026,15:04:21,Colton Holloway,LEAD Sample Roster,Sample Group,Countermovement Jump:1,Countermovement Jump,,19.419,66.2176,0.5646,221.5629,1.5060,184.4524,-1.1057
MOCK600113,30/06/2026,18:23:15,Colton Holloway,LEAD Sample Roster,Sample Group,Countermovement Jump:1,Countermovement Jump,,19.627,67.026,0.5574,223.8001,1.5330,185.5149,-1.0919
MOCK600114,24/07/2026,16:19:29,Colton Holloway,LEAD Sample Roster,Sample Group,Countermovement Jump:1,Countermovement Jump,,19.414,66.9077,0.5649,224.5042,1.5300,187.9864,-1.0934
MOCK600115,27/07/2026,18:23:34,Colton Holloway,LEAD Sample Roster,Sample Group,Countermovement Jump:1,Countermovement Jump,,20.029,67.2852,0.5889,227.0978,1.5772,186.8726,-1.1022
MOCK600116,05/08/2026,17:30:48,Colton Holloway,LEAD Sample Roster,Sample Group,Countermovement Jump:1,Countermovement Jump,,19.862,67.9676,0.5742,224.7389,1.5904,185.9795,-1.1335
MOCK600117,15/08/2026,15:10:37,Colton Holloway,LEAD Sample Roster,Sample Group,Countermovement Jump:1,Countermovement Jump,,20.183,69.241,0.5903,224.5988,1.5621,187.4431,-1.1058
MOCK600118,17/08/2026,18:29:54,Colton Holloway,LEAD Sample Roster,Sample Group,Countermovement Jump:1,Countermovement Jump,,20.336,68.6134,0.5909,230.1880,1.5576,191.1856,-1.1229
MOCK600119,29/08/2026,15:32:00,Colton Holloway,LEAD Sample Roster,Sample Group,Countermovement Jump:1,Countermovement Jump,,20.559,69.7899,0.6009,224.7994,1.5700,194.5792,-1.1203
MOCK600120,30/08/2026,17:24:41,Colton Holloway,LEAD Sample Roster,Sample Group,Countermovement Jump:1,Countermovement Jump,,20.407,69.3355,0.5899,227.0502,1.5532,187.9087,-1.0923
MOCK600121,02/03/2026,16:19:06,Tyler Winslow,LEAD Sample Roster,Sample Group,Countermovement Jump:1,Countermovement Jump,,19.35,65.743,0.5754,188.1092,1.7421,174.7066,-0.8707
MOCK600122,03/03/2026,17:20:26,Tyler Winslow,LEAD Sample Roster,Sample Group,Countermovement Jump:1,Countermovement Jump,,19.069,66.0952,0.5931,183.6651,1.7641,170.2588,-0.8847
MOCK600123,18/04/2026,16:05:48,Tyler Winslow,LEAD Sample Roster,Sample Group,Countermovement Jump:1,Countermovement Jump,,18.812,66.0657,0.5937,188.9124,1.7562,175.5121,-0.8800
MOCK600124,19/05/2026,17:25:47,Tyler Winslow,LEAD Sample Roster,Sample Group,Countermovement Jump:1,Countermovement Jump,,19.409,67.1685,0.5893,186.3378,1.7952,171.1365,-0.8724
MOCK600125,21/05/2026,17:25:22,Tyler Winslow,LEAD Sample Roster,Sample Group,Countermovement Jump:1,Countermovement Jump,,19.494,66.946,0.599,187.4348,1.7560,175.1782,-0.8768
MOCK600126,30/05/2026,17:06:32,Tyler Winslow,LEAD Sample Roster,Sample Group,Countermovement Jump:1,Countermovement Jump,,19.797,67.2181,0.6013,189.1477,1.7873,177.6369,-0.8991
MOCK600127,02/06/2026,18:18:47,Tyler Winslow,LEAD Sample Roster,Sample Group,Countermovement Jump:1,Countermovement Jump,,19.534,68.3994,0.6063,188.1749,1.7916,175.2461,-0.8981
MOCK600128,11/06/2026,18:27:06,Tyler Winslow,LEAD Sample Roster,Sample Group,Countermovement Jump:1,Countermovement Jump,,19.917,68.5345,0.6174,188.3069,1.8214,178.6341,-0.8965
MOCK600129,22/06/2026,15:24:24,Tyler Winslow,LEAD Sample Roster,Sample Group,Countermovement Jump:1,Countermovement Jump,,19.977,68.7396,0.6143,189.1306,1.7946,177.6077,-0.8960
MOCK600130,24/06/2026,16:29:58,Tyler Winslow,LEAD Sample Roster,Sample Group,Countermovement Jump:1,Countermovement Jump,,20.031,69.1504,0.6246,190.5707,1.8229,174.9654,-0.8885
MOCK600131,27/06/2026,15:11:21,Tyler Winslow,LEAD Sample Roster,Sample Group,Countermovement Jump:1,Countermovement Jump,,20.443,70.5328,0.632,189.6229,1.8292,175.8591,-0.8787
MOCK600132,09/07/2026,18:39:43,Tyler Winslow,LEAD Sample Roster,Sample Group,Countermovement Jump:1,Countermovement Jump,,20.538,69.0725,0.6396,190.3011,1.8032,177.0234,-0.9075
MOCK600133,24/07/2026,15:03:51,Tyler Winslow,LEAD Sample Roster,Sample Group,Countermovement Jump:1,Countermovement Jump,,21.027,71.0569,0.6215,193.4276,1.8433,185.9098,-0.8960
MOCK600134,25/07/2026,17:34:50,Tyler Winslow,LEAD Sample Roster,Sample Group,Countermovement Jump:1,Countermovement Jump,,20.803,71.814,0.6298,195.4266,1.7977,177.1934,-0.9086
MOCK600135,01/08/2026,16:21:03,Tyler Winslow,LEAD Sample Roster,Sample Group,Countermovement Jump:1,Countermovement Jump,,21.008,72.6802,0.6422,191.7881,1.8082,182.9244,-0.8883
MOCK600136,10/08/2026,16:20:36,Tyler Winslow,LEAD Sample Roster,Sample Group,Countermovement Jump:1,Countermovement Jump,,20.616,72.1264,0.6373,196.4308,1.8282,184.5432,-0.9067
MOCK600137,20/08/2026,16:34:35,Tyler Winslow,LEAD Sample Roster,Sample Group,Countermovement Jump:1,Countermovement Jump,,21.629,72.65,0.6549,194.3286,1.8630,180.9442,-0.9142
MOCK600138,28/08/2026,17:38:06,Tyler Winslow,LEAD Sample Roster,Sample Group,Countermovement Jump:1,Countermovement Jump,,21.358,73.082,0.6546,196.3386,1.8116,181.0136,-0.9114
MOCK600139,30/08/2026,18:57:57,Tyler Winslow,LEAD Sample Roster,Sample Group,Countermovement Jump:1,Countermovement Jump,,21.691,73.8187,0.6563,194.9362,1.8383,180.7101,-0.8940
MOCK600140,02/09/2026,17:25:05,Tyler Winslow,LEAD Sample Roster,Sample Group,Countermovement Jump:1,Countermovement Jump,,21.933,73.7065,0.6605,194.6210,1.8037,181.0416,-0.9237
MOCK600141,16/03/2026,18:54:27,Owen Delgado,LEAD Sample Roster,Sample Group,Countermovement Jump:1,Countermovement Jump,,20.053,67.1379,0.6032,182.6522,1.5507,210.3420,-1.0148
MOCK600142,03/04/2026,15:16:54,Owen Delgado,LEAD Sample Roster,Sample Group,Countermovement Jump:1,Countermovement Jump,,20.252,67.7285,0.6025,180.2623,1.5575,217.8979,-1.0518
MOCK600143,16/04/2026,15:00:34,Owen Delgado,LEAD Sample Roster,Sample Group,Countermovement Jump:1,Countermovement Jump,,20.318,67.639,0.6017,182.5710,1.5368,214.2137,-1.0505
MOCK600144,18/04/2026,15:49:19,Owen Delgado,LEAD Sample Roster,Sample Group,Countermovement Jump:1,Countermovement Jump,,20.501,68.8449,0.6224,184.1286,1.5326,214.1624,-1.0269
MOCK600145,29/04/2026,15:08:50,Owen Delgado,LEAD Sample Roster,Sample Group,Countermovement Jump:1,Countermovement Jump,,20.261,69.6111,0.6178,181.7205,1.5440,213.8478,-1.0271
MOCK600146,06/05/2026,18:14:11,Owen Delgado,LEAD Sample Roster,Sample Group,Countermovement Jump:1,Countermovement Jump,,20.633,70.2555,0.6273,180.8175,1.5545,210.9925,-1.0256
MOCK600147,16/05/2026,15:36:22,Owen Delgado,LEAD Sample Roster,Sample Group,Countermovement Jump:1,Countermovement Jump,,20.82,69.7023,0.6203,183.5307,1.5967,213.2832,-1.0308
MOCK600148,28/05/2026,15:15:06,Owen Delgado,LEAD Sample Roster,Sample Group,Countermovement Jump:1,Countermovement Jump,,21.111,69.8113,0.6295,185.7803,1.5484,221.4256,-1.0317
MOCK600149,20/06/2026,18:59:09,Owen Delgado,LEAD Sample Roster,Sample Group,Countermovement Jump:1,Countermovement Jump,,21.349,71.4251,0.6383,183.2523,1.5503,221.2786,-1.0470
MOCK600150,21/06/2026,15:14:34,Owen Delgado,LEAD Sample Roster,Sample Group,Countermovement Jump:1,Countermovement Jump,,21.279,71.6903,0.6393,189.5072,1.5653,223.7069,-1.0532
MOCK600151,22/06/2026,17:24:25,Owen Delgado,LEAD Sample Roster,Sample Group,Countermovement Jump:1,Countermovement Jump,,21.332,71.9433,0.6426,186.1000,1.5669,219.8717,-1.0357
MOCK600152,10/07/2026,15:17:09,Owen Delgado,LEAD Sample Roster,Sample Group,Countermovement Jump:1,Countermovement Jump,,21.507,72.5733,0.6438,188.4575,1.5323,222.1549,-1.0497
MOCK600153,11/07/2026,15:39:42,Owen Delgado,LEAD Sample Roster,Sample Group,Countermovement Jump:1,Countermovement Jump,,21.626,73.0589,0.6428,185.7026,1.5748,219.6809,-1.0452
MOCK600154,23/07/2026,16:26:22,Owen Delgado,LEAD Sample Roster,Sample Group,Countermovement Jump:1,Countermovement Jump,,21.68,72.9831,0.6566,189.7244,1.5867,225.1708,-1.0601
MOCK600155,28/07/2026,15:56:38,Owen Delgado,LEAD Sample Roster,Sample Group,Countermovement Jump:1,Countermovement Jump,,21.81,74.6008,0.6581,186.1197,1.5875,225.5004,-1.0491
MOCK600156,09/08/2026,15:27:45,Owen Delgado,LEAD Sample Roster,Sample Group,Countermovement Jump:1,Countermovement Jump,,22.17,74.4785,0.6824,187.6993,1.6074,218.4503,-1.0542
MOCK600157,10/08/2026,16:28:47,Owen Delgado,LEAD Sample Roster,Sample Group,Countermovement Jump:1,Countermovement Jump,,22.225,75.3918,0.6658,191.3123,1.6068,224.3944,-1.0485
MOCK600158,11/08/2026,16:31:45,Owen Delgado,LEAD Sample Roster,Sample Group,Countermovement Jump:1,Countermovement Jump,,22.3,76.1133,0.6747,191.8024,1.5965,220.7959,-1.0440
MOCK600159,23/08/2026,18:27:26,Owen Delgado,LEAD Sample Roster,Sample Group,Countermovement Jump:1,Countermovement Jump,,22.788,76.4962,0.6777,192.0765,1.5859,226.1244,-1.0489
MOCK600160,09/09/2026,18:15:00,Owen Delgado,LEAD Sample Roster,Sample Group,Countermovement Jump:1,Countermovement Jump,,22.696,76.4333,0.6846,193.5240,1.6359,223.5480,-1.0650
MOCK600161,08/03/2026,15:04:06,Xavier Quill,LEAD Sample Roster,Sample Group,Countermovement Jump:1,Countermovement Jump,,21.1,70.8383,0.657,209.7534,1.7834,176.2964,-1.0730
MOCK600162,18/03/2026,16:20:27,Xavier Quill,LEAD Sample Roster,Sample Group,Countermovement Jump:1,Countermovement Jump,,21.414,70.2629,0.6634,210.0335,1.8111,178.5491,-1.0423
MOCK600163,22/03/2026,17:27:57,Xavier Quill,LEAD Sample Roster,Sample Group,Countermovement Jump:1,Countermovement Jump,,20.888,71.3469,0.6656,205.9885,1.8224,174.4417,-1.0136
MOCK600164,03/04/2026,16:55:44,Xavier Quill,LEAD Sample Roster,Sample Group,Countermovement Jump:1,Countermovement Jump,,20.629,70.2397,0.6701,209.2176,1.7896,180.4027,-1.0420
MOCK600165,09/04/2026,17:49:33,Xavier Quill,LEAD Sample Roster,Sample Group,Countermovement Jump:1,Countermovement Jump,,20.919,71.5687,0.6448,216.3388,1.8358,177.4667,-1.0436
MOCK600166,12/04/2026,17:19:35,Xavier Quill,LEAD Sample Roster,Sample Group,Countermovement Jump:1,Countermovement Jump,,20.602,71.5515,0.6719,216.0526,1.8309,177.0183,-1.0470
MOCK600167,28/04/2026,18:42:36,Xavier Quill,LEAD Sample Roster,Sample Group,Countermovement Jump:1,Countermovement Jump,,20.765,70.6804,0.651,214.9222,1.8460,181.1614,-1.0829
MOCK600168,29/04/2026,16:50:47,Xavier Quill,LEAD Sample Roster,Sample Group,Countermovement Jump:1,Countermovement Jump,,20.501,70.7972,0.6501,214.5381,1.8218,183.1470,-1.0533
MOCK600169,06/05/2026,18:29:29,Xavier Quill,LEAD Sample Roster,Sample Group,Countermovement Jump:1,Countermovement Jump,,21.08,71.7171,0.6503,218.4983,1.8063,179.3173,-1.0707
MOCK600170,11/05/2026,15:05:51,Xavier Quill,LEAD Sample Roster,Sample Group,Countermovement Jump:1,Countermovement Jump,,20.883,70.9017,0.6507,218.4362,1.8318,184.4290,-1.0453
MOCK600171,13/05/2026,15:43:16,Xavier Quill,LEAD Sample Roster,Sample Group,Countermovement Jump:1,Countermovement Jump,,20.556,69.9387,0.6467,214.6006,1.8350,182.0246,-1.0478
MOCK600172,02/06/2026,16:02:29,Xavier Quill,LEAD Sample Roster,Sample Group,Countermovement Jump:1,Countermovement Jump,,20.831,70.1752,0.6446,219.5289,1.8335,178.8408,-1.0550
MOCK600173,03/06/2026,15:31:21,Xavier Quill,LEAD Sample Roster,Sample Group,Countermovement Jump:1,Countermovement Jump,,20.682,70.4524,0.6546,220.9361,1.8281,181.2995,-1.0768
MOCK600174,07/06/2026,16:05:37,Xavier Quill,LEAD Sample Roster,Sample Group,Countermovement Jump:1,Countermovement Jump,,20.919,70.6878,0.6571,216.9100,1.8235,179.9468,-1.0901
MOCK600175,15/06/2026,17:11:23,Xavier Quill,LEAD Sample Roster,Sample Group,Countermovement Jump:1,Countermovement Jump,,20.806,69.7965,0.6375,215.6303,1.8455,185.2467,-1.0786
MOCK600176,21/06/2026,16:35:47,Xavier Quill,LEAD Sample Roster,Sample Group,Countermovement Jump:1,Countermovement Jump,,20.692,69.374,0.6609,222.9423,1.8607,189.6777,-1.0874
MOCK600177,27/06/2026,16:04:38,Xavier Quill,LEAD Sample Roster,Sample Group,Countermovement Jump:1,Countermovement Jump,,20.463,69.745,0.647,217.8212,1.8491,182.4087,-1.0638
MOCK600178,07/08/2026,18:51:21,Xavier Quill,LEAD Sample Roster,Sample Group,Countermovement Jump:1,Countermovement Jump,,20.29,70.172,0.6442,218.0079,1.8685,191.0911,-1.0833
MOCK600179,11/08/2026,15:22:51,Xavier Quill,LEAD Sample Roster,Sample Group,Countermovement Jump:1,Countermovement Jump,,20.85,70.363,0.6464,222.4588,1.8735,188.6871,-1.0905
MOCK600180,15/08/2026,16:23:35,Xavier Quill,LEAD Sample Roster,Sample Group,Countermovement Jump:1,Countermovement Jump,,20.808,69.9086,0.6561,222.1062,1.9295,186.3792,-1.0791
MOCK600181,16/03/2026,17:40:57,Reed Calloway,LEAD Sample Roster,Sample Group,Countermovement Jump:1,Countermovement Jump,,21.69,73.0238,0.6855,212.4555,1.5052,178.8040,-0.8348
MOCK600182,22/03/2026,18:46:41,Reed Calloway,LEAD Sample Roster,Sample Group,Countermovement Jump:1,Countermovement Jump,,21.405,73.2889,0.674,213.7597,1.4988,171.6274,-0.8432
MOCK600183,23/03/2026,15:12:15,Reed Calloway,LEAD Sample Roster,Sample Group,Countermovement Jump:1,Countermovement Jump,,21.763,73.1417,0.6862,218.0729,1.5004,171.9274,-0.8505
MOCK600184,31/03/2026,15:52:13,Reed Calloway,LEAD Sample Roster,Sample Group,Countermovement Jump:1,Countermovement Jump,,21.592,73.4278,0.6802,217.2074,1.5051,171.5285,-0.8462
MOCK600185,08/04/2026,15:11:00,Reed Calloway,LEAD Sample Roster,Sample Group,Countermovement Jump:1,Countermovement Jump,,21.654,73.4914,0.6812,212.2455,1.5357,172.6442,-0.8399
MOCK600186,10/04/2026,18:51:14,Reed Calloway,LEAD Sample Roster,Sample Group,Countermovement Jump:1,Countermovement Jump,,21.469,73.4987,0.6794,216.6084,1.5276,178.6718,-0.8455
MOCK600187,21/04/2026,17:39:32,Reed Calloway,LEAD Sample Roster,Sample Group,Countermovement Jump:1,Countermovement Jump,,21.616,74.1759,0.6826,220.6542,1.5349,178.0532,-0.8566
MOCK600188,14/05/2026,16:32:20,Reed Calloway,LEAD Sample Roster,Sample Group,Countermovement Jump:1,Countermovement Jump,,22.085,74.6823,0.6898,216.4635,1.5319,173.4380,-0.8595
MOCK600189,26/05/2026,18:09:27,Reed Calloway,LEAD Sample Roster,Sample Group,Countermovement Jump:1,Countermovement Jump,,22.042,74.7321,0.6919,222.7538,1.5413,171.4115,-0.8513
MOCK600190,26/06/2026,17:17:06,Reed Calloway,LEAD Sample Roster,Sample Group,Countermovement Jump:1,Countermovement Jump,,21.974,73.2298,0.6985,221.7685,1.5528,178.7676,-0.8603
MOCK600191,30/06/2026,18:30:55,Reed Calloway,LEAD Sample Roster,Sample Group,Countermovement Jump:1,Countermovement Jump,,21.759,74.3629,0.6913,221.9646,1.5604,180.1023,-0.8613
MOCK600192,06/07/2026,17:48:24,Reed Calloway,LEAD Sample Roster,Sample Group,Countermovement Jump:1,Countermovement Jump,,22.032,74.6959,0.6779,224.0658,1.5459,181.4942,-0.8602
MOCK600193,15/07/2026,16:15:16,Reed Calloway,LEAD Sample Roster,Sample Group,Countermovement Jump:1,Countermovement Jump,,21.734,74.4033,0.6923,221.7184,1.5837,174.4007,-0.8583
MOCK600194,16/07/2026,16:34:15,Reed Calloway,LEAD Sample Roster,Sample Group,Countermovement Jump:1,Countermovement Jump,,21.796,75.5948,0.7082,224.2129,1.5595,182.4944,-0.8598
MOCK600195,29/07/2026,17:33:09,Reed Calloway,LEAD Sample Roster,Sample Group,Countermovement Jump:1,Countermovement Jump,,22.402,74.7155,0.6903,226.1798,1.5289,176.0667,-0.8570
MOCK600196,11/08/2026,17:58:57,Reed Calloway,LEAD Sample Roster,Sample Group,Countermovement Jump:1,Countermovement Jump,,22.317,75.1179,0.7134,223.5616,1.5588,189.3834,-0.8601
MOCK600197,13/08/2026,17:13:17,Reed Calloway,LEAD Sample Roster,Sample Group,Countermovement Jump:1,Countermovement Jump,,22.347,74.8289,0.7002,223.1800,1.5299,176.2663,-0.8668
MOCK600198,18/08/2026,15:20:56,Reed Calloway,LEAD Sample Roster,Sample Group,Countermovement Jump:1,Countermovement Jump,,22.271,75.0116,0.7054,231.3120,1.5562,187.1060,-0.8679
MOCK600199,29/08/2026,15:34:16,Reed Calloway,LEAD Sample Roster,Sample Group,Countermovement Jump:1,Countermovement Jump,,22.215,75.4487,0.7142,227.2317,1.5693,187.1537,-0.8811
MOCK600200,06/09/2026,18:42:54,Reed Calloway,LEAD Sample Roster,Sample Group,Countermovement Jump:1,Countermovement Jump,,22.165,76.1532,0.7093,227.0597,1.5759,183.7594,-0.8726
MOCK600201,01/03/2026,18:48:30,Ethan Calloway,LEAD Sample Roster,Sample Group,Countermovement Jump:1,Countermovement Jump,,22.593,78.0311,0.7155,185.8822,1.7813,212.2908,-0.9900
MOCK600202,10/03/2026,18:51:54,Ethan Calloway,LEAD Sample Roster,Sample Group,Countermovement Jump:1,Countermovement Jump,,22.316,76.1026,0.7307,183.1739,1.7814,210.5973,-1.0031
MOCK600203,13/03/2026,18:10:06,Ethan Calloway,LEAD Sample Roster,Sample Group,Countermovement Jump:1,Countermovement Jump,,22.503,76.9144,0.7167,188.3330,1.7995,211.4477,-1.0058
MOCK600204,25/03/2026,15:17:04,Ethan Calloway,LEAD Sample Roster,Sample Group,Countermovement Jump:1,Countermovement Jump,,22.409,76.3172,0.7301,187.0060,1.8006,214.6155,-1.0145
MOCK600205,01/04/2026,18:13:44,Ethan Calloway,LEAD Sample Roster,Sample Group,Countermovement Jump:1,Countermovement Jump,,22.46,77.535,0.7203,186.9670,1.7887,216.7297,-1.0288
MOCK600206,06/04/2026,15:27:36,Ethan Calloway,LEAD Sample Roster,Sample Group,Countermovement Jump:1,Countermovement Jump,,22.4,76.3032,0.7203,186.1836,1.8041,216.2566,-1.0328
MOCK600207,15/04/2026,18:21:07,Ethan Calloway,LEAD Sample Roster,Sample Group,Countermovement Jump:1,Countermovement Jump,,22.193,76.0595,0.7308,189.3395,1.8169,214.7928,-1.0345
MOCK600208,30/04/2026,17:16:50,Ethan Calloway,LEAD Sample Roster,Sample Group,Countermovement Jump:1,Countermovement Jump,,22.613,77.0095,0.7135,193.1625,1.8502,222.2434,-1.0037
MOCK600209,07/05/2026,18:05:17,Ethan Calloway,LEAD Sample Roster,Sample Group,Countermovement Jump:1,Countermovement Jump,,22.479,76.8473,0.709,191.2386,1.7942,217.5134,-1.0046
MOCK600210,18/05/2026,17:21:04,Ethan Calloway,LEAD Sample Roster,Sample Group,Countermovement Jump:1,Countermovement Jump,,22.308,76.7618,0.7106,189.5432,1.8432,220.1100,-1.0247
MOCK600211,25/05/2026,17:57:19,Ethan Calloway,LEAD Sample Roster,Sample Group,Countermovement Jump:1,Countermovement Jump,,22.593,76.1846,0.7211,187.0032,1.8633,217.2441,-1.0267
MOCK600212,29/05/2026,16:36:34,Ethan Calloway,LEAD Sample Roster,Sample Group,Countermovement Jump:1,Countermovement Jump,,22.036,76.737,0.7234,189.4410,1.8174,218.0293,-1.0447
MOCK600213,08/07/2026,17:19:38,Ethan Calloway,LEAD Sample Roster,Sample Group,Countermovement Jump:1,Countermovement Jump,,22.605,76.3624,0.7132,189.7700,1.8148,222.3706,-1.0429
MOCK600214,17/07/2026,17:52:05,Ethan Calloway,LEAD Sample Roster,Sample Group,Countermovement Jump:1,Countermovement Jump,,22.433,76.9246,0.7233,193.2711,1.8547,220.5653,-1.0164
MOCK600215,19/07/2026,15:54:26,Ethan Calloway,LEAD Sample Roster,Sample Group,Countermovement Jump:1,Countermovement Jump,,21.963,76.6977,0.7097,192.0075,1.8322,214.7462,-1.0288
MOCK600216,30/07/2026,16:50:09,Ethan Calloway,LEAD Sample Roster,Sample Group,Countermovement Jump:1,Countermovement Jump,,22.495,75.7059,0.723,192.3574,1.8740,223.2828,-1.0213
MOCK600217,01/08/2026,18:50:02,Ethan Calloway,LEAD Sample Roster,Sample Group,Countermovement Jump:1,Countermovement Jump,,22.338,76.7288,0.7293,195.1938,1.8727,229.3055,-1.0336
MOCK600218,06/08/2026,15:41:14,Ethan Calloway,LEAD Sample Roster,Sample Group,Countermovement Jump:1,Countermovement Jump,,22.611,76.8874,0.725,192.2347,1.8511,227.0510,-1.0462
MOCK600219,16/08/2026,18:31:48,Ethan Calloway,LEAD Sample Roster,Sample Group,Countermovement Jump:1,Countermovement Jump,,22.323,76.4683,0.7113,194.7733,1.8430,224.2646,-1.0494
MOCK600220,01/09/2026,18:38:26,Ethan Calloway,LEAD Sample Roster,Sample Group,Countermovement Jump:1,Countermovement Jump,,22.14,75.3014,0.7043,195.0795,1.8659,229.9712,-1.0608
MOCK600221,02/03/2026,18:35:20,Caleb Hargrove,LEAD Sample Roster,Sample Group,Countermovement Jump:1,Countermovement Jump,,23.304,79.8213,0.7498,186.3216,1.5126,224.2072,-0.8702
MOCK600222,06/03/2026,16:57:05,Caleb Hargrove,LEAD Sample Roster,Sample Group,Countermovement Jump:1,Countermovement Jump,,23.231,80.7967,0.7574,183.2322,1.5175,217.8563,-0.8665
MOCK600223,12/03/2026,16:12:57,Caleb Hargrove,LEAD Sample Roster,Sample Group,Countermovement Jump:1,Countermovement Jump,,23.153,79.6938,0.756,185.0605,1.4893,221.7961,-0.8560
MOCK600224,01/04/2026,17:48:56,Caleb Hargrove,LEAD Sample Roster,Sample Group,Countermovement Jump:1,Countermovement Jump,,23.158,80.9811,0.7565,185.0948,1.5030,220.4811,-0.8734
MOCK600225,02/04/2026,16:58:03,Caleb Hargrove,LEAD Sample Roster,Sample Group,Countermovement Jump:1,Countermovement Jump,,23.343,81.9909,0.7582,187.3702,1.5470,224.3096,-0.8680
MOCK600226,03/04/2026,15:37:39,Caleb Hargrove,LEAD Sample Roster,Sample Group,Countermovement Jump:1,Countermovement Jump,,23.205,80.6844,0.7631,185.3639,1.5009,222.9931,-0.8580
MOCK600227,07/04/2026,15:10:31,Caleb Hargrove,LEAD Sample Roster,Sample Group,Countermovement Jump:1,Countermovement Jump,,23.38,80.3586,0.7844,189.3276,1.5116,224.2994,-0.8746
MOCK600228,10/04/2026,16:26:36,Caleb Hargrove,LEAD Sample Roster,Sample Group,Countermovement Jump:1,Countermovement Jump,,23.152,80.3955,0.7672,185.4138,1.5515,222.1799,-0.8640
MOCK600229,11/04/2026,17:42:12,Caleb Hargrove,LEAD Sample Roster,Sample Group,Countermovement Jump:1,Countermovement Jump,,23.197,80.5449,0.7647,186.8955,1.5279,216.3427,-0.8668
MOCK600230,12/04/2026,18:51:06,Caleb Hargrove,LEAD Sample Roster,Sample Group,Countermovement Jump:1,Countermovement Jump,,23.23,81.2549,0.7723,188.2131,1.5256,227.9534,-0.8724
MOCK600231,14/04/2026,15:44:41,Caleb Hargrove,LEAD Sample Roster,Sample Group,Countermovement Jump:1,Countermovement Jump,,23.233,81.4325,0.7739,188.9288,1.5447,224.8400,-0.8732
MOCK600232,04/05/2026,15:00:31,Caleb Hargrove,LEAD Sample Roster,Sample Group,Countermovement Jump:1,Countermovement Jump,,23.748,81.0436,0.7672,191.3413,1.5656,223.9627,-0.8743
MOCK600233,24/05/2026,18:35:09,Caleb Hargrove,LEAD Sample Roster,Sample Group,Countermovement Jump:1,Countermovement Jump,,23.488,81.5463,0.775,188.8892,1.5670,230.6621,-0.8850
MOCK600234,24/07/2026,16:12:31,Caleb Hargrove,LEAD Sample Roster,Sample Group,Countermovement Jump:1,Countermovement Jump,,23.536,81.5953,0.7671,194.4202,1.5606,227.1630,-0.8912
MOCK600235,03/08/2026,15:42:17,Caleb Hargrove,LEAD Sample Roster,Sample Group,Countermovement Jump:1,Countermovement Jump,,23.472,82.05,0.782,186.3368,1.5859,226.4801,-0.8759
MOCK600236,10/08/2026,17:34:36,Caleb Hargrove,LEAD Sample Roster,Sample Group,Countermovement Jump:1,Countermovement Jump,,23.679,82.6638,0.7748,195.3126,1.5217,229.0103,-0.9027
MOCK600237,11/08/2026,18:13:09,Caleb Hargrove,LEAD Sample Roster,Sample Group,Countermovement Jump:1,Countermovement Jump,,23.854,82.295,0.7693,195.9064,1.5589,232.4580,-0.8806
MOCK600238,03/09/2026,17:38:40,Caleb Hargrove,LEAD Sample Roster,Sample Group,Countermovement Jump:1,Countermovement Jump,,23.536,82.5695,0.7874,192.6068,1.5767,228.3753,-0.8965
MOCK600239,07/09/2026,16:08:09,Caleb Hargrove,LEAD Sample Roster,Sample Group,Countermovement Jump:1,Countermovement Jump,,23.763,82.1575,0.7807,190.8181,1.5427,236.1576,-0.8778
MOCK600240,08/09/2026,17:43:19,Caleb Hargrove,LEAD Sample Roster,Sample Group,Countermovement Jump:1,Countermovement Jump,,23.726,81.6889,0.7847,192.9763,1.5681,237.6667,-0.8787
MOCK600241,11/03/2026,18:46:51,Archer Bannister,LEAD Sample Roster,Sample Group,Countermovement Jump:1,Countermovement Jump,,24.029,84.42,0.8041,215.0362,1.7463,174.0391,-0.8742
MOCK600242,06/04/2026,15:20:47,Archer Bannister,LEAD Sample Roster,Sample Group,Countermovement Jump:1,Countermovement Jump,,24.123,85.3561,0.8165,209.2659,1.7538,171.4408,-0.8660
MOCK600243,13/05/2026,17:05:47,Archer Bannister,LEAD Sample Roster,Sample Group,Countermovement Jump:1,Countermovement Jump,,24.658,84.1282,0.797,215.6845,1.7528,175.0300,-0.8695
MOCK600244,24/05/2026,16:56:53,Archer Bannister,LEAD Sample Roster,Sample Group,Countermovement Jump:1,Countermovement Jump,,24.743,85.1579,0.8054,217.8461,1.7749,168.6943,-0.8422
MOCK600245,27/05/2026,17:28:05,Archer Bannister,LEAD Sample Roster,Sample Group,Countermovement Jump:1,Countermovement Jump,,24.438,85.9647,0.8211,214.1672,1.7432,172.3043,-0.8891
MOCK600246,28/05/2026,16:25:56,Archer Bannister,LEAD Sample Roster,Sample Group,Countermovement Jump:1,Countermovement Jump,,24.545,87.0596,0.8196,217.5621,1.7671,174.4840,-0.8759
MOCK600247,29/05/2026,15:24:27,Archer Bannister,LEAD Sample Roster,Sample Group,Countermovement Jump:1,Countermovement Jump,,25.219,88.4386,0.8364,216.6545,1.7595,179.7238,-0.8847
MOCK600248,04/06/2026,15:18:39,Archer Bannister,LEAD Sample Roster,Sample Group,Countermovement Jump:1,Countermovement Jump,,25.15,87.38,0.8253,220.5455,1.7510,172.9197,-0.8759
MOCK600249,06/06/2026,18:23:49,Archer Bannister,LEAD Sample Roster,Sample Group,Countermovement Jump:1,Countermovement Jump,,24.994,88.5421,0.8438,220.6369,1.7879,178.7990,-0.8861
MOCK600250,12/06/2026,18:42:11,Archer Bannister,LEAD Sample Roster,Sample Group,Countermovement Jump:1,Countermovement Jump,,25.295,87.9537,0.847,220.3744,1.7702,182.3677,-0.8782
MOCK600251,16/06/2026,16:14:14,Archer Bannister,LEAD Sample Roster,Sample Group,Countermovement Jump:1,Countermovement Jump,,25.107,89.0571,0.8401,214.6631,1.8057,181.6171,-0.8890
MOCK600252,22/06/2026,16:54:57,Archer Bannister,LEAD Sample Roster,Sample Group,Countermovement Jump:1,Countermovement Jump,,25.672,89.6081,0.8639,213.8132,1.8163,177.8873,-0.8836
MOCK600253,04/07/2026,18:21:56,Archer Bannister,LEAD Sample Roster,Sample Group,Countermovement Jump:1,Countermovement Jump,,25.553,90.5153,0.8563,217.4226,1.7948,182.1106,-0.8839
MOCK600254,12/07/2026,16:20:31,Archer Bannister,LEAD Sample Roster,Sample Group,Countermovement Jump:1,Countermovement Jump,,25.895,89.6595,0.8604,221.5942,1.7967,179.1766,-0.8734
MOCK600255,26/07/2026,15:34:27,Archer Bannister,LEAD Sample Roster,Sample Group,Countermovement Jump:1,Countermovement Jump,,26.144,90.1011,0.8564,221.0039,1.8061,183.1193,-0.9062
MOCK600256,27/07/2026,18:00:49,Archer Bannister,LEAD Sample Roster,Sample Group,Countermovement Jump:1,Countermovement Jump,,26.077,90.8178,0.8818,220.1296,1.7779,180.8458,-0.9089
MOCK600257,08/08/2026,16:16:06,Archer Bannister,LEAD Sample Roster,Sample Group,Countermovement Jump:1,Countermovement Jump,,26.694,91.6771,0.8715,225.5780,1.7721,178.6653,-0.9051
MOCK600258,13/08/2026,15:35:41,Archer Bannister,LEAD Sample Roster,Sample Group,Countermovement Jump:1,Countermovement Jump,,26.559,92.1593,0.8858,222.1227,1.8249,178.9066,-0.8866
MOCK600259,05/09/2026,18:32:53,Archer Bannister,LEAD Sample Roster,Sample Group,Countermovement Jump:1,Countermovement Jump,,26.438,93.3857,0.8911,223.8254,1.8513,184.4169,-0.8886
MOCK600260,09/09/2026,18:08:21,Archer Bannister,LEAD Sample Roster,Sample Group,Countermovement Jump:1,Countermovement Jump,,26.66,92.8395,0.8768,226.6030,1.7865,184.6118,-0.9075
MOCK600261,14/03/2026,17:24:24,Jaxon Vance,LEAD Sample Roster,Sample Group,Countermovement Jump:1,Countermovement Jump,,24.712,87.3035,0.8379,221.5970,1.4821,212.7563,-1.0178
MOCK600262,22/03/2026,15:45:22,Jaxon Vance,LEAD Sample Roster,Sample Group,Countermovement Jump:1,Countermovement Jump,,25.231,88.8685,0.8511,218.4384,1.4444,218.0812,-1.0493
MOCK600263,28/03/2026,17:21:01,Jaxon Vance,LEAD Sample Roster,Sample Group,Countermovement Jump:1,Countermovement Jump,,25.144,89.0167,0.8555,219.1597,1.4644,214.3785,-1.0356
MOCK600264,03/05/2026,15:30:25,Jaxon Vance,LEAD Sample Roster,Sample Group,Countermovement Jump:1,Countermovement Jump,,25.108,88.656,0.8507,222.4702,1.4821,219.2694,-1.0196
MOCK600265,12/05/2026,17:33:58,Jaxon Vance,LEAD Sample Roster,Sample Group,Countermovement Jump:1,Countermovement Jump,,25.264,88.3132,0.8603,224.1436,1.4779,216.7866,-1.0377
MOCK600266,08/06/2026,18:34:29,Jaxon Vance,LEAD Sample Roster,Sample Group,Countermovement Jump:1,Countermovement Jump,,25.092,87.9562,0.842,225.0889,1.4810,217.2310,-1.0200
MOCK600267,17/06/2026,15:49:27,Jaxon Vance,LEAD Sample Roster,Sample Group,Countermovement Jump:1,Countermovement Jump,,25.024,89.0001,0.871,219.8435,1.5055,218.6180,-1.0371
MOCK600268,20/06/2026,18:44:41,Jaxon Vance,LEAD Sample Roster,Sample Group,Countermovement Jump:1,Countermovement Jump,,25.29,89.2223,0.863,219.7422,1.5237,215.9334,-1.0431
MOCK600269,05/07/2026,15:54:46,Jaxon Vance,LEAD Sample Roster,Sample Group,Countermovement Jump:1,Countermovement Jump,,25.01,89.3013,0.8603,220.9407,1.4910,217.6519,-1.0538
MOCK600270,11/07/2026,18:26:14,Jaxon Vance,LEAD Sample Roster,Sample Group,Countermovement Jump:1,Countermovement Jump,,25.083,89.1619,0.8691,222.7898,1.5171,221.8781,-1.0540
MOCK600271,14/07/2026,17:36:03,Jaxon Vance,LEAD Sample Roster,Sample Group,Countermovement Jump:1,Countermovement Jump,,25.406,88.7677,0.8577,223.4823,1.5249,217.3139,-1.0269
MOCK600272,15/07/2026,18:51:23,Jaxon Vance,LEAD Sample Roster,Sample Group,Countermovement Jump:1,Countermovement Jump,,25.085,88.8678,0.8658,224.1314,1.5602,223.7980,-1.0382
MOCK600273,20/07/2026,18:26:09,Jaxon Vance,LEAD Sample Roster,Sample Group,Countermovement Jump:1,Countermovement Jump,,25.284,89.1348,0.8561,225.8498,1.5282,221.9960,-1.0703
MOCK600274,24/07/2026,18:48:27,Jaxon Vance,LEAD Sample Roster,Sample Group,Countermovement Jump:1,Countermovement Jump,,25.544,88.5994,0.8654,227.5683,1.5179,225.0674,-1.0536
MOCK600275,03/08/2026,18:50:44,Jaxon Vance,LEAD Sample Roster,Sample Group,Countermovement Jump:1,Countermovement Jump,,25.495,90.5834,0.8676,230.2633,1.5480,233.4334,-1.0381
MOCK600276,08/08/2026,18:36:59,Jaxon Vance,LEAD Sample Roster,Sample Group,Countermovement Jump:1,Countermovement Jump,,25.486,89.7033,0.8694,227.8365,1.5234,223.1366,-1.0432
MOCK600277,14/08/2026,17:47:38,Jaxon Vance,LEAD Sample Roster,Sample Group,Countermovement Jump:1,Countermovement Jump,,25.414,89.1619,0.8649,228.1262,1.5186,229.7272,-1.0636
MOCK600278,27/08/2026,18:56:33,Jaxon Vance,LEAD Sample Roster,Sample Group,Countermovement Jump:1,Countermovement Jump,,25.37,90.7013,0.8654,237.8483,1.5756,232.7760,-1.0452
MOCK600279,01/09/2026,18:17:06,Jaxon Vance,LEAD Sample Roster,Sample Group,Countermovement Jump:1,Countermovement Jump,,25.717,90.3291,0.8797,234.6091,1.5459,228.0982,-1.0473
MOCK600280,08/09/2026,15:19:56,Jaxon Vance,LEAD Sample Roster,Sample Group,Countermovement Jump:1,Countermovement Jump,,25.691,88.9357,0.8692,236.8224,1.5756,228.4394,-1.0610
MOCK600281,07/03/2026,16:47:11,Isaac Tolliver,LEAD Sample Roster,Sample Group,Countermovement Jump:1,Countermovement Jump,,16.48,56.3067,0.4595,185.1403,1.7553,223.5966,-0.8549
MOCK600282,13/03/2026,15:11:50,Isaac Tolliver,LEAD Sample Roster,Sample Group,Countermovement Jump:1,Countermovement Jump,,16.394,55.433,0.4626,186.7458,1.7567,223.7262,-0.8584
MOCK600283,15/03/2026,15:39:57,Isaac Tolliver,LEAD Sample Roster,Sample Group,Countermovement Jump:1,Countermovement Jump,,16.975,56.372,0.4628,188.0319,1.8051,223.3439,-0.8642
MOCK600284,18/03/2026,17:36:26,Isaac Tolliver,LEAD Sample Roster,Sample Group,Countermovement Jump:1,Countermovement Jump,,16.804,55.3053,0.4765,186.2040,1.7884,217.9297,-0.8706
MOCK600285,16/04/2026,15:05:42,Isaac Tolliver,LEAD Sample Roster,Sample Group,Countermovement Jump:1,Countermovement Jump,,17.226,56.1373,0.4825,188.4426,1.7673,218.9903,-0.8548
MOCK600286,04/05/2026,17:23:17,Isaac Tolliver,LEAD Sample Roster,Sample Group,Countermovement Jump:1,Countermovement Jump,,17.038,57.1656,0.4822,187.0966,1.8285,224.5934,-0.8599
MOCK600287,10/05/2026,18:11:23,Isaac Tolliver,LEAD Sample Roster,Sample Group,Countermovement Jump:1,Countermovement Jump,,17.446,57.7776,0.4741,188.1740,1.8311,222.4115,-0.8715
MOCK600288,11/05/2026,15:55:30,Isaac Tolliver,LEAD Sample Roster,Sample Group,Countermovement Jump:1,Countermovement Jump,,17.084,58.6012,0.4847,187.5843,1.8329,224.7387,-0.8718
MOCK600289,15/05/2026,18:49:11,Isaac Tolliver,LEAD Sample Roster,Sample Group,Countermovement Jump:1,Countermovement Jump,,17.656,58.5124,0.4967,191.9128,1.8184,228.7757,-0.8810
MOCK600290,21/05/2026,15:49:31,Isaac Tolliver,LEAD Sample Roster,Sample Group,Countermovement Jump:1,Countermovement Jump,,17.705,59.2279,0.4962,197.0602,1.8392,223.1347,-0.8897
MOCK600291,30/05/2026,17:37:51,Isaac Tolliver,LEAD Sample Roster,Sample Group,Countermovement Jump:1,Countermovement Jump,,17.631,59.8468,0.4929,190.8520,1.8266,226.4604,-0.8839
MOCK600292,13/06/2026,17:07:19,Isaac Tolliver,LEAD Sample Roster,Sample Group,Countermovement Jump:1,Countermovement Jump,,18.087,58.8432,0.4942,190.6559,1.8128,222.9690,-0.8774
MOCK600293,15/06/2026,17:43:16,Isaac Tolliver,LEAD Sample Roster,Sample Group,Countermovement Jump:1,Countermovement Jump,,18.007,59.9635,0.5214,190.2815,1.8238,229.1412,-0.8781
MOCK600294,17/06/2026,15:37:01,Isaac Tolliver,LEAD Sample Roster,Sample Group,Countermovement Jump:1,Countermovement Jump,,18.405,60.5225,0.5126,194.7128,1.8456,228.0872,-0.8759
MOCK600295,19/06/2026,17:14:40,Isaac Tolliver,LEAD Sample Roster,Sample Group,Countermovement Jump:1,Countermovement Jump,,18.236,61.9479,0.5141,191.3724,1.8141,232.3346,-0.9043
MOCK600296,20/06/2026,18:35:43,Isaac Tolliver,LEAD Sample Roster,Sample Group,Countermovement Jump:1,Countermovement Jump,,18.531,60.8489,0.5212,196.6678,1.8215,234.8873,-0.8816
MOCK600297,24/07/2026,15:41:04,Isaac Tolliver,LEAD Sample Roster,Sample Group,Countermovement Jump:1,Countermovement Jump,,18.451,62.5509,0.5271,193.4707,1.8222,235.9680,-0.8897
MOCK600298,25/08/2026,17:09:39,Isaac Tolliver,LEAD Sample Roster,Sample Group,Countermovement Jump:1,Countermovement Jump,,18.884,61.4732,0.5252,197.6202,1.8373,237.5430,-0.8864
MOCK600299,02/09/2026,17:18:12,Isaac Tolliver,LEAD Sample Roster,Sample Group,Countermovement Jump:1,Countermovement Jump,,18.714,63.1206,0.5274,190.8473,1.8508,234.9191,-0.8920
MOCK600300,07/09/2026,17:19:45,Isaac Tolliver,LEAD Sample Roster,Sample Group,Countermovement Jump:1,Countermovement Jump,,19.537,62.9538,0.5191,191.9586,1.8597,239.1807,-0.8915
MOCK600301,05/03/2026,17:15:01,Eli Osgood,LEAD Sample Roster,Sample Group,Countermovement Jump:1,Countermovement Jump,,12.442,45.2005,0.3231,216.0184,1.4181,204.2573,-0.8898
MOCK600302,22/03/2026,18:51:07,Eli Osgood,LEAD Sample Roster,Sample Group,Countermovement Jump:1,Countermovement Jump,,12.215,44.9880,0.3346,216.8453,1.3935,200.8951,-0.8910
MOCK600303,23/03/2026,18:10:21,Eli Osgood,LEAD Sample Roster,Sample Group,Countermovement Jump:1,Countermovement Jump,,12.306,45.4614,0.3239,212.7324,1.4138,206.2639,-0.9002
MOCK600304,03/04/2026,14:40:07,Eli Osgood,LEAD Sample Roster,Sample Group,Countermovement Jump:1,Countermovement Jump,,12.613,45.1416,0.3343,215.7110,1.4160,207.0499,-0.8788
MOCK600305,18/04/2026,16:37:33,Eli Osgood,LEAD Sample Roster,Sample Group,Countermovement Jump:1,Countermovement Jump,,12.613,45.3544,0.3268,224.9674,1.3995,204.0276,-0.9180
MOCK600306,29/04/2026,17:12:26,Eli Osgood,LEAD Sample Roster,Sample Group,Countermovement Jump:1,Countermovement Jump,,12.574,44.7196,0.3286,224.7784,1.4411,208.4953,-0.8891
MOCK600307,14/05/2026,17:04:02,Eli Osgood,LEAD Sample Roster,Sample Group,Countermovement Jump:1,Countermovement Jump,,12.743,45.7113,0.3354,215.3257,1.4465,213.3838,-0.8989
MOCK600308,17/05/2026,16:05:13,Eli Osgood,LEAD Sample Roster,Sample Group,Countermovement Jump:1,Countermovement Jump,,12.879,46.6121,0.3345,222.3816,1.4366,207.9330,-0.9116
MOCK600309,27/05/2026,16:30:53,Eli Osgood,LEAD Sample Roster,Sample Group,Countermovement Jump:1,Countermovement Jump,,12.663,45.1734,0.3307,228.1976,1.4528,206.5971,-0.9111
MOCK600310,04/06/2026,17:24:09,Eli Osgood,LEAD Sample Roster,Sample Group,Countermovement Jump:1,Countermovement Jump,,12.394,45.8496,0.3432,225.3760,1.4336,203.3402,-0.8914
MOCK600311,06/07/2026,17:58:05,Eli Osgood,LEAD Sample Roster,Sample Group,Countermovement Jump:1,Countermovement Jump,,12.747,46.3807,0.3401,228.8986,1.4488,211.5099,-0.9271
MOCK600312,09/07/2026,15:13:24,Eli Osgood,LEAD Sample Roster,Sample Group,Countermovement Jump:1,Countermovement Jump,,12.682,46.9390,0.3319,224.9320,1.3931,208.7656,-0.8926
MOCK600313,13/07/2026,15:47:07,Eli Osgood,LEAD Sample Roster,Sample Group,Countermovement Jump:1,Countermovement Jump,,12.630,47.3812,0.3516,227.5847,1.4549,206.7412,-0.9009
MOCK600314,14/07/2026,15:19:04,Eli Osgood,LEAD Sample Roster,Sample Group,Countermovement Jump:1,Countermovement Jump,,13.063,47.5435,0.3457,230.6300,1.4360,213.3987,-0.9072
MOCK600315,27/07/2026,15:20:11,Eli Osgood,LEAD Sample Roster,Sample Group,Countermovement Jump:1,Countermovement Jump,,13.260,48.2546,0.3345,228.2540,1.4701,220.3214,-0.9127
MOCK600316,05/08/2026,17:07:13,Eli Osgood,LEAD Sample Roster,Sample Group,Countermovement Jump:1,Countermovement Jump,,13.118,47.6292,0.3538,227.0402,1.4558,209.9955,-0.8905
MOCK600317,12/08/2026,17:56:00,Eli Osgood,LEAD Sample Roster,Sample Group,Countermovement Jump:1,Countermovement Jump,,12.979,47.8331,0.3550,230.5971,1.4154,214.2247,-0.9329
MOCK600318,20/08/2026,17:16:06,Eli Osgood,LEAD Sample Roster,Sample Group,Countermovement Jump:1,Countermovement Jump,,12.901,47.8343,0.3359,232.4283,1.4356,216.4668,-0.9249
MOCK600319,27/08/2026,15:10:55,Eli Osgood,LEAD Sample Roster,Sample Group,Countermovement Jump:1,Countermovement Jump,,13.319,48.0670,0.3473,234.8958,1.4931,219.2719,-0.9221
MOCK600320,31/08/2026,18:22:38,Eli Osgood,LEAD Sample Roster,Sample Group,Countermovement Jump:1,Countermovement Jump,,13.314,47.8112,0.3457,228.8044,1.4881,221.2178,-0.9251
MOCK600321,08/03/2026,18:49:52,Marcus Sterling,LEAD Sample Roster,Sample Group,Countermovement Jump:1,Countermovement Jump,,17.961,61.6885,0.4768,206.6982,1.8314,225.3863,-0.9228
MOCK600322,11/03/2026,19:06:49,Marcus Sterling,LEAD Sample Roster,Sample Group,Countermovement Jump:1,Countermovement Jump,,18.336,61.5164,0.4844,213.4722,1.8510,229.6202,-0.9428
MOCK600323,17/03/2026,16:14:58,Marcus Sterling,LEAD Sample Roster,Sample Group,Countermovement Jump:1,Countermovement Jump,,18.287,62.0642,0.4913,210.9217,1.8293,230.8683,-0.9286
MOCK600324,07/04/2026,17:46:52,Marcus Sterling,LEAD Sample Roster,Sample Group,Countermovement Jump:1,Countermovement Jump,,18.333,62.1266,0.4774,215.1474,1.8620,237.0505,-0.9262
MOCK600325,29/04/2026,16:58:32,Marcus Sterling,LEAD Sample Roster,Sample Group,Countermovement Jump:1,Countermovement Jump,,18.190,62.3951,0.4865,217.4076,1.8334,237.1772,-0.9321
MOCK600326,07/05/2026,16:38:29,Marcus Sterling,LEAD Sample Roster,Sample Group,Countermovement Jump:1,Countermovement Jump,,18.415,62.7561,0.4843,219.0725,1.8556,234.8053,-0.9538
MOCK600327,06/06/2026,15:33:44,Marcus Sterling,LEAD Sample Roster,Sample Group,Countermovement Jump:1,Countermovement Jump,,18.397,63.6280,0.4868,214.1704,1.8765,231.3170,-0.9488
MOCK600328,06/06/2026,15:37:21,Marcus Sterling,LEAD Sample Roster,Sample Group,Countermovement Jump:1,Countermovement Jump,,18.634,63.6508,0.4831,212.7682,1.8619,236.1765,-0.9303
MOCK600329,20/06/2026,17:33:24,Marcus Sterling,LEAD Sample Roster,Sample Group,Countermovement Jump:1,Countermovement Jump,,18.586,63.6715,0.5034,216.9643,1.9017,239.9977,-0.9586
MOCK600330,04/07/2026,16:42:41,Marcus Sterling,LEAD Sample Roster,Sample Group,Countermovement Jump:1,Countermovement Jump,,18.564,63.0824,0.4955,221.5856,1.8655,238.9308,-0.9336
MOCK600331,06/07/2026,17:03:18,Marcus Sterling,LEAD Sample Roster,Sample Group,Countermovement Jump:1,Countermovement Jump,,18.454,65.2790,0.4786,217.9944,1.8509,239.8757,-0.9519
MOCK600332,15/07/2026,18:30:29,Marcus Sterling,LEAD Sample Roster,Sample Group,Countermovement Jump:1,Countermovement Jump,,18.570,63.9271,0.4850,217.1891,1.8851,237.7127,-0.9044
MOCK600333,16/07/2026,15:18:44,Marcus Sterling,LEAD Sample Roster,Sample Group,Countermovement Jump:1,Countermovement Jump,,18.551,63.6623,0.4907,220.0808,1.9028,241.9908,-0.9349
MOCK600334,29/07/2026,17:57:01,Marcus Sterling,LEAD Sample Roster,Sample Group,Countermovement Jump:1,Countermovement Jump,,18.826,65.1272,0.4905,212.8388,1.8803,234.4711,-0.9743
MOCK600335,03/08/2026,17:06:56,Marcus Sterling,LEAD Sample Roster,Sample Group,Countermovement Jump:1,Countermovement Jump,,18.672,64.2491,0.4998,216.3689,1.9053,244.2563,-0.9712
MOCK600336,03/08/2026,17:08:36,Marcus Sterling,LEAD Sample Roster,Sample Group,Countermovement Jump:1,Countermovement Jump,,18.855,65.8568,0.5031,224.8716,1.9255,240.9124,-0.9665
MOCK600337,12/08/2026,18:00:48,Marcus Sterling,LEAD Sample Roster,Sample Group,Countermovement Jump:1,Countermovement Jump,,19.139,64.7225,0.4834,224.9914,1.9291,242.8549,-0.9565
MOCK600338,10/08/2026,17:29:39,Marcus Sterling,LEAD Sample Roster,Sample Group,Countermovement Jump:1,Countermovement Jump,,18.784,64.8534,0.5052,220.3013,1.9355,237.7113,-0.9847
MOCK600339,23/08/2026,16:45:45,Marcus Sterling,LEAD Sample Roster,Sample Group,Countermovement Jump:1,Countermovement Jump,,19.222,65.3020,0.4990,224.7620,1.9468,248.7693,-0.9610
MOCK600340,05/09/2026,17:39:28,Marcus Sterling,LEAD Sample Roster,Sample Group,Countermovement Jump:1,Countermovement Jump,,19.139,65.9353,0.5015,221.6904,1.9239,247.8333,-0.9398
MOCK600341,14/03/2026,18:47:27,Trent Vaughn,LEAD Sample Roster,Sample Group,Countermovement Jump:1,Countermovement Jump,,19.931,68.5041,0.5908,173.9055,1.5925,223.7968,-1.0862
MOCK600342,02/04/2026,15:32:54,Trent Vaughn,LEAD Sample Roster,Sample Group,Countermovement Jump:1,Countermovement Jump,,20.216,69.5924,0.5929,173.3120,1.5982,230.8571,-1.1250
MOCK600343,17/04/2026,14:35:34,Trent Vaughn,LEAD Sample Roster,Sample Group,Countermovement Jump:1,Countermovement Jump,,20.208,69.4338,0.5935,175.1875,1.5827,226.5304,-1.1145
MOCK600344,20/04/2026,15:40:19,Trent Vaughn,LEAD Sample Roster,Sample Group,Countermovement Jump:1,Countermovement Jump,,20.383,70.6229,0.6086,176.7620,1.5740,227.5853,-1.0912
MOCK600345,01/05/2026,14:59:50,Trent Vaughn,LEAD Sample Roster,Sample Group,Countermovement Jump:1,Countermovement Jump,,20.166,71.0366,0.6097,173.8348,1.5902,226.2256,-1.0900
MOCK600346,07/05/2026,17:49:11,Trent Vaughn,LEAD Sample Roster,Sample Group,Countermovement Jump:1,Countermovement Jump,,20.454,71.7993,0.6175,173.2922,1.6038,224.6951,-1.0889
MOCK600347,15/05/2026,15:53:22,Trent Vaughn,LEAD Sample Roster,Sample Group,Countermovement Jump:1,Countermovement Jump,,20.651,71.0924,0.6113,175.9351,1.6414,227.6344,-1.1036
MOCK600348,27/05/2026,15:10:06,Trent Vaughn,LEAD Sample Roster,Sample Group,Countermovement Jump:1,Countermovement Jump,,21.102,71.1165,0.6184,177.4254,1.5994,234.7814,-1.0965
MOCK600349,18/06/2026,18:51:09,Trent Vaughn,LEAD Sample Roster,Sample Group,Countermovement Jump:1,Countermovement Jump,,21.339,72.7966,0.6269,174.8776,1.5964,234.8394,-1.1215
MOCK600350,19/06/2026,14:55:34,Trent Vaughn,LEAD Sample Roster,Sample Group,Countermovement Jump:1,Countermovement Jump,,21.229,73.1021,0.6250,180.6339,1.6110,237.7502,-1.1262
MOCK600351,22/06/2026,17:13:25,Trent Vaughn,LEAD Sample Roster,Sample Group,Countermovement Jump:1,Countermovement Jump,,21.302,73.5932,0.6293,178.5933,1.6171,233.8251,-1.1018
MOCK600352,12/07/2026,15:32:09,Trent Vaughn,LEAD Sample Roster,Sample Group,Countermovement Jump:1,Countermovement Jump,,21.459,74.1032,0.6308,180.8774,1.5869,235.7779,-1.1219
MOCK600353,13/07/2026,15:17:42,Trent Vaughn,LEAD Sample Roster,Sample Group,Countermovement Jump:1,Countermovement Jump,,21.520,74.5171,0.6294,177.0319,1.6154,232.4280,-1.1151
MOCK600354,23/07/2026,16:15:22,Trent Vaughn,LEAD Sample Roster,Sample Group,Countermovement Jump:1,Countermovement Jump,,21.547,74.6786,0.6459,181.6541,1.6279,238.5680,-1.1262
MOCK600355,26/07/2026,15:34:38,Trent Vaughn,LEAD Sample Roster,Sample Group,Countermovement Jump:1,Countermovement Jump,,21.731,76.4305,0.6487,177.7255,1.6414,239.5442,-1.1134
MOCK600356,11/08/2026,15:13:45,Trent Vaughn,LEAD Sample Roster,Sample Group,Countermovement Jump:1,Countermovement Jump,,22.184,76.5754,0.6691,179.0323,1.6571,231.1054,-1.1200
MOCK600357,10/08/2026,16:36:47,Trent Vaughn,LEAD Sample Roster,Sample Group,Countermovement Jump:1,Countermovement Jump,,22.038,77.3107,0.6570,183.5340,1.6520,239.3572,-1.1182
MOCK600358,13/08/2026,16:33:45,Trent Vaughn,LEAD Sample Roster,Sample Group,Countermovement Jump:1,Countermovement Jump,,22.284,77.8892,0.6658,183.7169,1.6529,233.3899,-1.1155
MOCK600359,21/08/2026,18:31:26,Trent Vaughn,LEAD Sample Roster,Sample Group,Countermovement Jump:1,Countermovement Jump,,22.635,78.2293,0.6642,183.2382,1.6313,240.9083,-1.1211
MOCK600360,11/09/2026,18:30:00,Trent Vaughn,LEAD Sample Roster,Sample Group,Countermovement Jump:1,Countermovement Jump,,22.528,78.1801,0.6730,185.7233,1.6780,236.7571,-1.1378
MOCK600361,27/02/2026,18:35:30,Xavier Montrose,LEAD Sample Roster,Sample Group,Countermovement Jump:1,Countermovement Jump,,21.248,79.0065,0.7420,177.0618,1.6953,204.6640,-0.9824
MOCK600362,08/03/2026,18:54:54,Xavier Montrose,LEAD Sample Roster,Sample Group,Countermovement Jump:1,Countermovement Jump,,21.008,76.7193,0.7604,174.6272,1.6963,204.4453,-0.9939
MOCK600363,13/03/2026,18:08:06,Xavier Montrose,LEAD Sample Roster,Sample Group,Countermovement Jump:1,Countermovement Jump,,21.246,77.6125,0.7449,179.8430,1.7225,204.9341,-0.9988
MOCK600364,25/03/2026,14:53:04,Xavier Montrose,LEAD Sample Roster,Sample Group,Countermovement Jump:1,Countermovement Jump,,21.265,76.8514,0.7596,178.4154,1.7143,206.8505,-0.9985
MOCK600365,31/03/2026,18:27:44,Xavier Montrose,LEAD Sample Roster,Sample Group,Countermovement Jump:1,Countermovement Jump,,21.247,78.5238,0.7489,179.1814,1.7157,208.7127,-1.0142
MOCK600366,05/04/2026,15:07:36,Xavier Montrose,LEAD Sample Roster,Sample Group,Countermovement Jump:1,Countermovement Jump,,21.239,77.4284,0.7460,177.7660,1.7247,208.5860,-1.0253
MOCK600367,17/04/2026,18:09:07,Xavier Montrose,LEAD Sample Roster,Sample Group,Countermovement Jump:1,Countermovement Jump,,21.007,77.1369,0.7584,180.8506,1.7355,207.7957,-1.0246
MOCK600368,30/04/2026,17:26:50,Xavier Montrose,LEAD Sample Roster,Sample Group,Countermovement Jump:1,Countermovement Jump,,21.338,77.9264,0.7376,184.7868,1.7644,213.8605,-0.9883
MOCK600369,09/05/2026,18:26:17,Xavier Montrose,LEAD Sample Roster,Sample Group,Countermovement Jump:1,Countermovement Jump,,21.322,77.5501,0.7373,183.2032,1.7182,210.1108,-0.9959
MOCK600370,20/05/2026,17:20:04,Xavier Montrose,LEAD Sample Roster,Sample Group,Countermovement Jump:1,Countermovement Jump,,21.076,77.8216,0.7341,181.9282,1.7553,212.2622,-1.0111
MOCK600371,26/05/2026,18:11:19,Xavier Montrose,LEAD Sample Roster,Sample Group,Countermovement Jump:1,Countermovement Jump,,21.338,76.8598,0.7483,178.8215,1.7824,210.3164,-1.0114
MOCK600372,31/05/2026,16:38:34,Xavier Montrose,LEAD Sample Roster,Sample Group,Countermovement Jump:1,Countermovement Jump,,20.842,77.8208,0.7481,180.1537,1.7325,209.9954,-1.0321
MOCK600373,09/07/2026,16:55:38,Xavier Montrose,LEAD Sample Roster,Sample Group,Countermovement Jump:1,Countermovement Jump,,21.340,77.4550,0.7425,180.7434,1.7390,215.7031,-1.0335
MOCK600374,18/07/2026,17:44:05,Xavier Montrose,LEAD Sample Roster,Sample Group,Countermovement Jump:1,Countermovement Jump,,21.269,77.4557,0.7490,185.0089,1.7711,213.1840,-1.0031
MOCK600375,18/07/2026,16:07:26,Xavier Montrose,LEAD Sample Roster,Sample Group,Countermovement Jump:1,Countermovement Jump,,20.842,77.8902,0.7388,184.3175,1.7427,208.6262,-1.0192
MOCK600376,28/07/2026,16:58:09,Xavier Montrose,LEAD Sample Roster,Sample Group,Countermovement Jump:1,Countermovement Jump,,21.354,76.3775,0.7528,183.0088,1.7958,215.0337,-1.0097
MOCK600377,01/08/2026,18:44:02,Xavier Montrose,LEAD Sample Roster,Sample Group,Countermovement Jump:1,Countermovement Jump,,21.021,77.8953,0.7529,186.3944,1.7986,221.9256,-1.0183
MOCK600378,06/08/2026,15:42:14,Xavier Montrose,LEAD Sample Roster,Sample Group,Countermovement Jump:1,Countermovement Jump,,21.304,77.5568,0.7530,184.3643,1.7691,219.8838,-1.0327
MOCK600379,16/08/2026,18:41:48,Xavier Montrose,LEAD Sample Roster,Sample Group,Countermovement Jump:1,Countermovement Jump,,21.131,77.7067,0.7368,185.9588,1.7670,216.6514,-1.0329
MOCK600380,03/09/2026,18:38:26,Xavier Montrose,LEAD Sample Roster,Sample Group,Countermovement Jump:1,Countermovement Jump,,20.902,76.5235,0.7272,186.1750,1.7754,222.9401,-1.0496
MOCK600381,16/03/2026,17:15:24,Mason Holloway,LEAD Sample Roster,Sample Group,Countermovement Jump:1,Countermovement Jump,,24.476,91.4395,0.8324,210.0469,1.4467,198.9635,-0.9749
MOCK600382,22/03/2026,15:51:22,Mason Holloway,LEAD Sample Roster,Sample Group,Countermovement Jump:1,Countermovement Jump,,24.872,92.9023,0.8390,206.2036,1.4091,204.9065,-0.9973
MOCK600383,29/03/2026,17:18:01,Mason Holloway,LEAD Sample Roster,Sample Group,Countermovement Jump:1,Countermovement Jump,,24.890,93.7448,0.8459,207.0726,1.4299,201.3506,-0.9917
MOCK600384,03/05/2026,15:55:25,Mason Holloway,LEAD Sample Roster,Sample Group,Countermovement Jump:1,Countermovement Jump,,24.869,92.6607,0.8448,210.9462,1.4509,205.9108,-0.9705
MOCK600385,14/05/2026,17:53:58,Mason Holloway,LEAD Sample Roster,Sample Group,Countermovement Jump:1,Countermovement Jump,,24.982,92.4128,0.8480,212.5790,1.4461,202.7394,-0.9920
MOCK600386,10/06/2026,18:41:29,Mason Holloway,LEAD Sample Roster,Sample Group,Countermovement Jump:1,Countermovement Jump,,24.740,92.3873,0.8314,212.8621,1.4420,202.9749,-0.9678
MOCK600387,17/06/2026,15:42:27,Mason Holloway,LEAD Sample Roster,Sample Group,Countermovement Jump:1,Countermovement Jump,,24.786,93.1906,0.8656,208.4196,1.4702,204.5399,-0.9852
MOCK600388,22/06/2026,18:48:41,Mason Holloway,LEAD Sample Roster,Sample Group,Countermovement Jump:1,Countermovement Jump,,25.087,93.7738,0.8516,208.1163,1.4910,201.1432,-0.9970
MOCK600389,03/07/2026,16:11:46,Mason Holloway,LEAD Sample Roster,Sample Group,Countermovement Jump:1,Countermovement Jump,,24.742,93.5377,0.8529,209.2304,1.4500,204.3066,-1.0061
MOCK600390,11/07/2026,18:44:14,Mason Holloway,LEAD Sample Roster,Sample Group,Countermovement Jump:1,Countermovement Jump,,24.934,93.1673,0.8616,210.6934,1.4837,206.7847,-1.0079
MOCK600391,14/07/2026,17:53:03,Mason Holloway,LEAD Sample Roster,Sample Group,Countermovement Jump:1,Countermovement Jump,,25.152,93.3556,0.8514,211.3916,1.4829,202.3939,-0.9811
MOCK600392,15/07/2026,18:38:23,Mason Holloway,LEAD Sample Roster,Sample Group,Countermovement Jump:1,Countermovement Jump,,24.878,93.1879,0.8531,212.2614,1.5182,209.0754,-0.9944
MOCK600393,21/07/2026,18:40:09,Mason Holloway,LEAD Sample Roster,Sample Group,Countermovement Jump:1,Countermovement Jump,,25.110,93.5575,0.8495,214.3830,1.4861,207.5909,-1.0236
MOCK600394,26/07/2026,18:40:27,Mason Holloway,LEAD Sample Roster,Sample Group,Countermovement Jump:1,Countermovement Jump,,25.267,92.6793,0.8599,216.7493,1.4801,209.7820,-1.0061
MOCK600395,04/08/2026,18:29:44,Mason Holloway,LEAD Sample Roster,Sample Group,Countermovement Jump:1,Countermovement Jump,,25.319,94.5861,0.8594,218.6271,1.5080,219.1877,-0.9924
MOCK600396,09/08/2026,18:48:59,Mason Holloway,LEAD Sample Roster,Sample Group,Countermovement Jump:1,Countermovement Jump,,25.224,94.0305,0.8621,216.0012,1.4869,208.8774,-0.9965
MOCK600397,16/08/2026,18:10:38,Mason Holloway,LEAD Sample Roster,Sample Group,Countermovement Jump:1,Countermovement Jump,,25.097,93.4515,0.8554,217.0394,1.4807,214.9421,-1.0095
MOCK600398,28/08/2026,18:49:33,Mason Holloway,LEAD Sample Roster,Sample Group,Countermovement Jump:1,Countermovement Jump,,25.152,95.4926,0.8537,225.1088,1.5428,217.8854,-0.9953
MOCK600399,01/09/2026,18:38:06,Mason Holloway,LEAD Sample Roster,Sample Group,Countermovement Jump:1,Countermovement Jump,,25.571,94.2873,0.8662,222.0435,1.5048,213.1421,-0.9963
MOCK600400,10/09/2026,15:19:56,Mason Holloway,LEAD Sample Roster,Sample Group,Countermovement Jump:1,Countermovement Jump,,25.453,93.5187,0.8613,223.6383,1.5396,214.1128,-1.0101
