Athlete,Sessions Assigned,Sessions Completed,Sessions Completed (%),Exercises Assigned,Exercises Completed,Exercises Completed (%),Volume Assigned (lbs),Volume Completed (lbs),Volume Completed (%)
Xavier Sterling,10,1,0.00%,74,0,0.00%,0,0,
Xavier Corrigan,10,1,10.00%,74,7,9.46%,0,"4,605",
Cash Whitfield,10,1,10.00%,74,2,2.70%,0,0,
Ethan Tolliver,10,1,10.00%,74,8,10.81%,0,0,
Owen Harrington,10,4,0.00%,74,0,0.00%,0,0,
Colton Holloway,10,1,10.00%,74,9,12.16%,0,0,
Tyler Winslow,10,1,10.00%,74,3,4.05%,0,"3,325",
Owen Delgado,10,8,0.00%,74,0,0.00%,0,0,
Xavier Quill,10,6,0.00%,74,0,0.00%,0,0,
Reed Calloway,10,4,0.00%,74,0,0.00%,0,0,
Ethan Calloway,10,3,0.00%,74,0,0.00%,0,0,
Caleb Hargrove,10,3,0.00%,74,0,0.00%,0,0,
Archer Bannister,10,5,0.00%,74,0,0.00%,0,0,
Jaxon Vance,10,1,0.00%,74,0,0.00%,0,0,
Isaac Tolliver,10,2,20.00%,74,16,21.62%,0,"2,350",
Eli Osgood,10,4,0.00%,74,0,0.00%,0,0,
Marcus Sterling,10,2,0.00%,74,0,0.00%,0,0,
Trent Vaughn,10,2,20.00%,74,15,20.27%,0,"5,895",
Xavier Montrose,10,8,0.00%,74,0,0.00%,0,0,
Mason Holloway,10,2,20.00%,74,12,16.22%,0,"18,995",
