Athlete,Test,Metric,Min,Max,Average,2026-08-05,2026-08-12,2026-08-19,2026-08-26,2026-09-02,2026-09-09
Xavier Sterling,5-10-5 Agility Test,Agility Time (ss:ms),4.489,4.561,4.523,4.561,4.547,4.537,4.496,4.489,4.511
Xavier Corrigan,5-10-5 Agility Test,Agility Time (ss:ms),4.106,4.163,4.128,4.163,4.13,4.124,4.117,4.127,4.106
Cash Whitfield,5-10-5 Agility Test,Agility Time (ss:ms),4.063,4.12,4.089,4.085,4.11,4.12,4.088,4.069,4.063
Ethan Tolliver,5-10-5 Agility Test,Agility Time (ss:ms),4.33,4.397,4.357,4.397,4.373,4.345,4.362,4.337,4.33
Owen Harrington,5-10-5 Agility Test,Agility Time (ss:ms),4.198,4.262,4.226,4.242,4.262,4.246,4.198,4.204,4.206
Colton Holloway,5-10-5 Agility Test,Agility Time (ss:ms),4.39,4.437,4.415,4.433,4.437,4.393,4.39,4.429,4.409
Tyler Winslow,5-10-5 Agility Test,Agility Time (ss:ms),4.081,4.142,4.111,4.142,4.117,4.108,4.1,4.119,4.081
Owen Delgado,5-10-5 Agility Test,Agility Time (ss:ms),4.618,4.693,4.66,4.678,4.682,4.693,4.657,4.618,4.633
Xavier Quill,5-10-5 Agility Test,Agility Time (ss:ms),4.287,4.355,4.323,4.355,4.346,4.311,4.307,4.287,4.331
Reed Calloway,5-10-5 Agility Test,Agility Time (ss:ms),4.276,4.336,4.302,4.336,4.323,4.307,4.276,4.295,4.276
Ethan Calloway,5-10-5 Agility Test,Agility Time (ss:ms),4.363,4.421,4.395,4.417,4.421,4.39,4.377,4.363,4.401
Caleb Hargrove,5-10-5 Agility Test,Agility Time (ss:ms),4.211,4.289,4.245,4.289,4.265,4.255,4.235,4.211,4.214
Archer Bannister,5-10-5 Agility Test,Agility Time (ss:ms),4.373,4.429,4.397,4.429,4.4,4.42,4.373,4.384,4.375
Jaxon Vance,5-10-5 Agility Test,Agility Time (ss:ms),4.293,4.338,4.318,4.338,4.336,4.293,4.301,4.324,4.314
Isaac Tolliver,5-10-5 Agility Test,Agility Time (ss:ms),4.543,4.626,4.582,4.626,4.595,4.585,4.577,4.565,4.543
Eli Osgood,5-10-5 Agility Test,Agility Time (ss:ms),4.214,4.293,4.258,4.263,4.293,4.272,4.247,4.259,4.214
Marcus Sterling,5-10-5 Agility Test,Agility Time (ss:ms),4.91,4.995,4.956,4.99,4.995,4.939,4.945,,4.91
Trent Vaughn,5-10-5 Agility Test,Agility Time (ss:ms),4.777,4.871,4.821,4.871,4.854,,4.794,4.811,4.777
Xavier Montrose,5-10-5 Agility Test,Agility Time (ss:ms),4.306,4.379,4.336,4.379,4.347,4.338,4.337,4.307,4.306
Mason Holloway,5-10-5 Agility Test,Agility Time (ss:ms),4.711,4.793,4.762,4.784,4.793,4.769,4.777,4.735,4.711
